,IncidentId,EntityType,Tier,DiskFailures_mv,GraphMissingUplink_pers_1h,NetscanLinksMultiple_mv,MaxprefixThr_pers_1h,TooManyT1sDown_pers_1h,VRRPStateChange_mv,ProcessShutdown_pers_1h,NGSvsLLDPt1t0_mv,NonProdWithProdTraffic_mv,NGSDuplicateStaticIP_pers_1h,MultipleReboot_mv,NetscanPktLoss_mv,PowerSupplyRedundancy_mv,PowerSupplyDown_pers_1h,SnmpLoopbackReachability_pers_1h,TCAMAboveThr_mv,NetscanPayloadPathsMultiple_mv,IfOperStatus_pers_1h,DupManagementIP_mv,GraphMissingSerialConsole_pers_1h,SONiCSNMPHighMemory_mv,SnmpReachability_mv,IBUFMTimeDifference_pers_1h,PhynetInterfaceErrorsPercentageThreshold_pers_1h,HighInterfaceUtilT3WAN_pers_1h,NoSysLog_pers_1h,FIBErrors_pers_1h,HardwareErrors_pers_1h,SONiCSNMPHighMemory_pers_1h,BgpDelay_mv,ServerTorInterfaceFlaps_mv,PhynetInterfaceErrorsCountThreshold_pers_1h,HighInterfaceLinkUtilization_pers_1h,GraphMissingMgmt_pers_1h,TacacsUnreachable_mv,NetscanPayloadAlertPaths_mv,MaxprefixThr_mv,SpanTreeErrors_pers_1h,DeviceReload_mv,OSPFDown_mv,DupStaticIP_mv,FabricDegraded_mv,BGPHoldTimer_mv,LinkStatus_mv,TooManyT2sDown_pers_1h,CpvBackup_mv,HAIneligible_mv,LineCardDown_mv,BGPGlobalShutDown_pers_1h,NetscanPayloadAlertPaths_pers_1h,HighInterfaceLinkUtilization_mv,BgpDelay_pers_1h,DeviceDown_pers_1h,NetscanBadDevice_mv,ExEraseExecutions_mv,NetscanPayloadAlertPodSetPaths_pers_1h,PhynetFCSErrors_pers_1h,HAFailover_pers_1h,NGSvsMSAssetSN_pers_1h,BGPHoldTimer_pers_1h,HardwareErrorsSev2_mv,LdpDown_pers_1h,GraphMissingSerialConsole_mv,defaultMTUSize_pers_1h,SNMPHighMemory_mv,DeviceDownFlood_pers_1h,NGSvsMSAssetSN_mv,IBBandwidthSpeedMode_pers_1h,SystemUsageHigh_mv,SoftwareErrors_mv,PortExhaustion_mv,DupDeviceName_mv,MemErrors_mv,ServerTorFCSErrors_mv,PhynetInterfaceErrorsCountThreshold_mv,PhynetPktDiscards_pers_1h,InterfaceUnsecured_pers_1h,BGPDown_mv,TemperatureErrors_pers_1h,VoltageError_pers_1h,SyslogOutliers_mv,IBCongestedBandwidth_pers_1h,CpuSyslogErrors_pers_1h,HardwareErrors_mv,PhynetInterfaceFlaps_mv,MultipleReboot_pers_1h,DefaultRouteMismatch_mv,NetscanBadDevice_pers_1h,NetscanPayloadPaths_pers_1h,NetscanLinksMultiple_pers_1h,GraphMissingUplink_mv,JuniperSSGStateChange_pers_1h,JuniperSSGStateChange_mv,IBLinkDown_pers_1h,NetscanPayloadPaths_mv,MemErrors_pers_1h,DeviceDown_mv,NGSvsLLDPt1t0_pers_1h,PhynetInterfaceErrorsPercentageThreshold_mv,DeviceReload_pers_1h,HSRPStateChange_mv,LineCardDown_pers_1h,SpanTreeErrors_mv,IBLinkErrorRecovery_pers_1h,NetscanPayloadAlertPodSetPaths_mv,NGSvsLLDPt1t2_mv,HardwareErrorsSev2_pers_1h,SoftwareErrors_pers_1h,SSHReachability_mv,MgmtInterfaceFlaps_mv,DupManagementIP_pers_1h,Tier1TrafficOutlier_mv,TCAMAboveThr_pers_1h,HighInterfaceUtilT3WAN_mv,TempSNMP_mv,CpvBackup_pers_1h,CPVPolicyFailure_mv,NoSysLog_mv,DuplicateSerialNumber_mv,BGPFlap_pers_1h,SnmpCpu_mv,LinkStatus_pers_1h,TeamdExpired_mv,TooManyT2sDown_mv,ServerTorInterfaceErrorsPercentageThreshold_pers_1h,SystemUsageHigh_pers_1h,SnmpVoltage_pers_1h,InterfaceDownDuration_pers_1h,BGPFlap_mv,NtpError_pers_1h,Hw3Drop_pers_1h,PfcPauseFrames_mv,FanFailure_pers_1h,FIBErrors_mv,SnmpVoltage_mv,PhynetPktDiscards_mv,HighInterfaceUtilT0T2_mv,DiskFailures_pers_1h,IfOperStatus_mv,ISISDown_mv,HAIneligible_pers_1h,QCHardwareDrops_mv,NGSvsLLDPWAN_pers_1h,Hw3Drop_mv,LPMUtilization_pers_1h,ServerTorFCSErrors_pers_1h,NGSvsMSAssetName_mv,PingmeshPktLoss_mv,NetscanPayloadPathsMultiple_pers_1h,PhynetFCSErrors_mv,ServerTorInterfaceErrorsPercentageThreshold_mv,PowerSupplyDown_mv,IBLinkErrorRecovery_mv,ExceessiveSyslogs_mv,HSRPStateChange_pers_1h,SnmpCpu_pers_1h,PingmeshPktLoss_pers_1h,LdpDown_mv,TORReboot_pers_1h,FabricDegraded_pers_1h,CpuSyslogErrors_mv,SnmpReachability_pers_1h,NetscanPayloadPodSetPaths_mv,OSPFDown_pers_1h,GraphMissingMgmt_mv,HighInterfaceUtilT0T2_pers_1h,NGSvsLLDPt1t2_pers_1h,TooManyT1sDown_mv,VoltageError_mv,PowerSupplyRedundancy_pers_1h,LPMUtilization_mv,PortExhaustion_pers_1h,InterfaceUnsecured_mv,TemperatureErrors_mv,ServerPingmeshPktLoss_mv,SoftwareErrorsSev2_mv,ServerTorInterfaceErrorsCountThreshold_pers_1h,BadOSVersion_pers_1h,SyslogOutliers_pers_1h,DeviceDownFlood_mv,CPVPolicyFailure_pers_1h,SONiCErrors_mv,QCHardwareDrops_pers_1h,NGSvsMSAssetName_pers_1h,NetscanPayloadPodSetPaths_pers_1h,ServerPingmeshPktLoss_pers_1h,IBUFMTimeDifference_mv,MaxprefixExceeded_mv,PhynetInterfaceFlaps_pers_1h,TempSNMP_pers_1h,DuplicateIP_mv
0,223,cluster_switch,t1,0.5258970637700803,0.3276868662114445,0.9732987563523516,0.4273551353956094,0.6249491142122965,0.4070629382330371,0.2887337115329834,0.5265427948318052,0.5183217785603093,0.9867943964104534,0.2699350710052126,0.2421055754286153,0.910188750729711,0.2194056160277377,0.4446872271682828,0.4767792752359858,0.140548971618457,0.0222756925365356,0.6134915517896713,0.6557217541590379,0.5740519489356934,0.520527116153496,0.1744213246807561,0.7120307989364206,0.8091766089358519,0.0717412981971652,0.2058298683765128,0.5609859022732884,0.3494025025321644,0.6371805048454734,0.1318551726294087,0.7141447219626085,0.2924423088232418,0.0252993174707636,0.5007735736030691,0.8274493018371907,0.9304920917375148,0.3699955288722595,0.8738520071720737,0.311622588907617,0.6588691170004054,0.232570615587458,0.8207042034625539,0.7904671520068365,0.9689888045915276,0.7735052226875232,0.367417508086894,0.751405448475505,0.0435355855889434,0.8004435193728504,0.0280105969580074,0.6304052590928328,0.6107437271225616,0.771165684292817,0.159423589457011,0.3486828333884181,0.2072427910963958,0.1479066134461765,0.3623322538483818,0.9170645577013044,0.5148662921899515,0.1477646967328569,0.640978137614097,0.2780332657309071,0.855369893834194,0.8055898165965895,0.2661070425718531,0.4898486924567005,0.9811323375451696,0.9093614288780962,0.9821374598254708,0.9238946759120656,0.4063635425956807,0.8296685659006,0.7973632772016688,0.998224264370578,0.0592640322651989,0.0582191854022119,0.6223934111632414,0.9539303804927624,0.958415890165026,0.073400749571944,0.2772593542226862,0.7856874946728987,0.133623900522193,0.1081007188540464,0.8205694667078973,0.227320763234342,0.1501061122709774,0.5606769135511632,0.3813529435210921,0.0033598997844943,0.9957095660787942,0.8774169937356858,0.921402772354362,,,,,,,,,,,,,,,,,,,,,,,,,,,,,,,,,,,,,,,,,,,,,,,,,,,,,,,,,,,,,,,,,,,,,,,,,,,,,,,,,,,,,,,,,,,,,,,,
1,223,cluster_switch,t0,0.6670726641239555,0.442382070694141,0.6506120841826689,0.5038265242455411,0.1448394381718011,0.3025425182127683,0.2361746747927108,0.7642654760251624,0.5224153557603356,0.5341190715124904,0.7608170362848958,0.4749616225222349,0.1742722421448073,0.9736881787020376,0.4920512990515654,0.2579459329066182,0.1485271150692432,0.3224372036090527,0.5187122804797434,0.8705054277901875,0.784154009511148,0.3661404168348547,0.9753291883586592,0.2125002450741215,0.6404132688609966,0.0177397981772418,0.2003005322560855,0.5105958078606725,0.1430203255909741,0.90813084549659,0.4912851468370873,0.9159037982630184,0.4457283958874203,0.9794229199608224,0.2145907787676831,0.117478932119879,0.8810476607974121,0.2278316407498226,0.4322869219633508,0.098182457620393,0.7545919364294558,0.0092719432549415,0.8891956501476961,0.7833340647482187,0.1190120371213945,0.0440546061338262,0.5964684339765581,0.2024894010215688,0.3889392673060249,0.3933528746341286,0.5451768513380594,0.789929988224577,0.511622615560981,0.5104556411908195,0.4653699805617809,0.2717476831963055,0.8449220942203824,0.7051709014831127,0.2366538516135135,0.3454411306889507,0.446311090352222,0.9920949629831496,0.2003996663284913,0.9839310096144056,0.8878337296391102,0.0251594108747389,0.3062811821204868,0.3748505694486296,0.1769665206008028,0.876026844123488,0.0851958670991094,0.901343179743028,0.6259635858863041,0.7861198003791977,0.09254736376829,0.418327925144596,0.89397003596232,0.1146878482089395,0.2627302158741279,0.1240306753072569,0.4534916477679551,0.861392213484114,0.9181599273258934,0.6134660467651921,0.2783559948823924,0.2291899788399058,0.5857509158238315,0.1340323163587901,0.1304224867680645,0.9159085368783108,0.966832340174449,0.1688177257374457,0.3217110345627094,0.8831803635351785,0.1747381452813965,,,,,,,,,,,,,,,,,,,,,,,,,,,,,,,,,,,,,,,,,,,,,,,,,,,,,,,,,,,,,,,,,,,,,,,,,,,,,,,,,,,,,,,,,,,,,,,,
2,223,cluster_switch,t1,0.4927886293060659,0.6111824236617212,0.5435972553359663,0.6272074116788241,0.2602653228548633,0.578254945605729,0.5065057405366916,0.7065009316408248,0.7505604201015058,0.2685335099332248,0.6816301054745206,0.6878406299133948,0.2485909463705835,0.3212567049849183,0.9484654221824284,0.9708442791017152,0.3258267432853008,0.4317070560480112,0.8234586104938415,0.4706232200054602,0.3615774639932237,0.0013117944425994,0.7011531847708313,0.8793913086683783,0.1938633009068922,0.4590545693361328,0.5202268967524804,0.5756195932081756,0.854436638920726,0.1193973881511192,0.9320544651771652,0.2638165083946813,0.3290366338530881,0.5903439803925853,0.8034550179244317,0.5987047605011891,0.9257234110459104,0.2431250468512261,0.7649634261121441,0.1257439127068172,0.9907949799288428,0.2944419616030741,0.5189977526945071,0.155981417619324,0.2515222060191073,0.4005639835934264,0.5304453064407288,0.0888160874076432,0.7735659796763693,0.2848347078362078,0.333883184198709,0.6353330404617967,0.5526274256025596,0.2682851121175583,0.9472141633302864,0.5535113582732979,0.9269140342883458,0.4818420759883277,0.337141847778395,0.8648078292006343,0.6322935678691701,0.25858842436487,0.1011019356585696,0.9114920824573274,0.440035355992236,0.9881931757077856,0.4651596113198462,0.700681582733514,0.3994751626097949,0.8107908817055911,0.878435888754024,0.9464681752959228,0.8337162016238031,0.8329730804203175,0.3853669313168406,0.2259621546346422,0.2235829451342897,0.4332458327504743,0.4952702452790638,0.4885997211535519,0.6124957537014768,0.8446246593649436,0.5767618802110248,0.5157504932167047,0.1216913292806716,0.3732635314335214,0.4002161995709729,0.2317268803204888,0.0906720949139229,0.9095232840189028,0.5388764490085635,0.1679926731761861,0.789404321455374,0.3132876065090209,0.0770812101355744,,,,,,,,,,,,,,,,,,,,,,,,,,,,,,,,,,,,,,,,,,,,,,,,,,,,,,,,,,,,,,,,,,,,,,,,,,,,,,,,,,,,,,,,,,,,,,,,
3,237,cluster_switch,t0,0.3653911818636349,0.3480525427768677,0.5698229243156182,0.5692956084950974,0.5051548774872721,0.1702307791096525,0.6687116237424732,0.3593348749049501,0.3264686917113515,0.5294875150677087,0.8950777352402655,0.8433094883511068,0.5098912594786266,0.1028059396118492,0.0703700105686307,0.3896373246912578,0.534077030560061,0.6234334665732669,0.9552581849368216,0.077042866266717,0.687618773533625,0.2679473396520717,0.745902493639989,0.9509212943211256,0.326618429090446,0.4901902960188036,0.7590131307974604,0.0583690032323903,0.1389102799253535,0.5756996070447484,0.8179241432827961,0.3763413358676457,0.9340838424828194,0.3559841204113437,0.3836127636884384,0.4911791150303339,0.2955799093529214,0.730782117663068,0.506242584169204,0.621817862526526,0.9669655027107537,0.2155132585737655,0.22122745906083,0.5369888763520673,0.7959462313642176,0.4798198013394397,0.0872041980794935,0.5542887688810433,0.1583680916462919,0.0658422467199255,0.290972978755065,0.6522252475080916,0.0864401120374321,0.2822619298563916,0.2257307553594929,0.7597104340561639,0.4015753588122756,0.8054358438984104,0.7391003718222697,0.2919160527115788,0.2344093585202652,0.7590042839490159,0.0986403701559257,0.4658035864717095,0.2330059124183137,0.46008885626667,0.8556675888691615,0.6339386243637435,0.2084163703598053,0.9959401035074684,0.7462244007916372,0.7018612756884501,0.9932901744923224,0.0791247148798375,0.0092349080805845,0.423552577493559,0.954819621107872,0.440987193288079,0.102362319835578,0.5512385425394382,0.3409530428691124,0.7950038004797357,0.8552821414182267,0.6156516365092799,0.4063109542638606,0.3914782896574764,0.8946091272785793,0.0773946606756568,0.5617281489369627,0.4947754334918195,0.338067949672737,0.8294973763946545,0.678529391506609,0.5321123839660742,0.9190985730096168,,,,,,,,,,,,,,,,,,,,,,,,,,,,,,,,,,,,,,,,,,,,,,,,,,,,,,,,,,,,,,,,,,,,,,,,,,,,,,,,,,,,,,,,,,,,,,,,
4,237,cluster_switch,t0,0.6611880770619828,0.5890899414559265,0.282197248426992,0.7409869379650841,0.4326226424944798,0.8246540817229605,0.5440472077400136,0.9005203004696402,0.3968770864597489,0.3855761560688203,0.7594269032846354,0.3861763030700479,0.2167846472861779,0.294975040794561,0.2320166859097316,0.5488611640707102,0.9891409376829736,0.1809597290019196,0.3538688683769171,0.3636436819084836,0.1696695770826402,0.9360858903053434,0.3665651955385856,0.1605339220321161,0.7502574429817719,0.1362328891179138,0.6020679400342832,0.6209974350210353,0.1141734562702266,0.6865952990008274,0.2965258094993217,0.9603326967912592,0.7956835296465771,0.6582831200542537,0.3056016435684039,0.3798932545604722,0.3118226563887478,0.954068963230546,0.3321008006569043,0.5065175115297289,0.5166575160593957,0.7936436269075493,0.504392729953744,0.6285344068382133,0.2976675322422789,0.8914787555081009,0.118673960204332,0.2902067865675735,0.5028390777100712,0.5783260559380043,0.6744941681386978,0.1863538523103095,0.8286068002750868,0.23737462769425,0.791034362720266,0.9753126074757732,0.0179812243342208,0.9777817343744404,0.9698584044044488,0.1811012116739909,0.3559023762670164,0.1516714930502939,0.550572932618619,0.666029156691927,0.8837193046755213,0.3463372641471233,0.3270458400783232,0.4919765592303543,0.7108367705940322,0.6663041897157819,0.5951482879329755,0.4049575165758778,0.9510518492522771,0.6542780222337569,0.9968503867184474,0.5491719671064331,0.6492105316300534,0.8681457769066839,0.1372802957427854,0.5073448981742222,0.8026532975215057,0.284931892229961,0.8533454137071534,0.8985006882164496,0.0819888041960547,0.0476217022744414,0.2559140017322805,0.3242928030559208,0.4546978147190464,0.1764504916735385,0.374744525327953,0.9308770002804168,0.1823337040616837,0.3144247655263481,0.5144955279281112,,,,,,,,,,,,,,,,,,,,,,,,,,,,,,,,,,,,,,,,,,,,,,,,,,,,,,,,,,,,,,,,,,,,,,,,,,,,,,,,,,,,,,,,,,,,,,,,
5,155,cluster_switch,t0,0.4505636673174045,0.3116877573125313,0.4807890890350657,0.2203871575100914,0.895353122434699,0.8206219320019535,0.5998497010695226,0.4440518025626948,0.3228587238772985,0.6836406176933462,0.3236677906072615,0.6608624709358768,0.7320743862797938,0.3762640106320229,0.6599839716770642,0.7435815176931012,0.8874128740593157,0.4421439734340084,0.2953140943356727,0.8354862917453455,0.0193982855072338,0.8818879487243568,0.0289689996337685,0.7247898386901014,0.8405761053285397,0.5277081098036485,0.9384129854775194,0.6455143657707993,0.5509212571840819,0.0708333814192357,0.9213414914971916,0.0021316126306611,0.690776872800692,0.9863706386582272,0.2078466817635621,0.5293666878839808,0.9232001665508264,0.9582481245561116,0.6620109727345622,0.272078756584926,0.0712718665140699,0.5627277959331175,0.4704742576417487,0.662692649163847,0.9166417410571396,0.2435680116218342,0.8810350757393469,0.5585434376284765,0.308265499051398,0.6474315400193316,0.4114570342996603,0.1202154273877548,0.1431554385006509,0.5054362866808976,0.2911440232406148,0.6457427947344907,0.2231597538036311,0.114091464894972,0.3953563912001655,0.4536925612001664,0.21457502717548,0.9702571881374336,0.9268943605667516,0.9105565163501272,0.1318162434466583,0.8995215296953233,0.2798151430345413,0.8679402155539152,0.8114489063187473,0.8737359912552356,0.1303969552830917,0.7341265289525845,0.9427009091467752,0.3230103929657978,0.4660173596332919,0.3239672165984749,0.8023759036736162,0.3333064813911939,0.2976095804357688,0.0608672323558117,0.1702754175181811,0.7248751922231284,0.7490116484003873,0.3191991705825688,0.9997428363725344,0.3787240639796924,0.9688777769155796,0.1360472162907162,0.8466143884446439,0.6977937053194835,0.3913804679804653,0.6665796609058801,0.2955966821340103,0.6791452595115581,0.4595241797051635,,,,,,,,,,,,,,,,,,,,,,,,,,,,,,,,,,,,,,,,,,,,,,,,,,,,,,,,,,,,,,,,,,,,,,,,,,,,,,,,,,,,,,,,,,,,,,,,
6,155,cluster_switch,t1,0.5641690349225825,0.4914259531243161,0.7760606030928157,0.3477283147099109,0.3095267409732409,0.5819394090763425,0.7222838196696614,0.6945695347679463,0.7049631008800372,0.1957431017928043,0.1379407606285835,0.3288685459476063,0.8912742449535187,0.6452211709698739,0.6743984916324143,0.0570752157607682,0.6168493724334583,0.4584947831619899,0.1932351352970641,0.2654744992724465,0.1792964192240934,0.0022609933704932,0.6346204386494001,0.4114382264743021,0.3585755850243964,0.3793617003678533,0.6965742816997721,0.2676868431109642,0.8146493616550128,0.9488635605602812,0.7284441660550268,0.6299742312283536,0.1035410024895308,0.7436508927438841,0.8797076478761405,0.1532835914904351,0.4404370602157162,0.9502126673176756,0.4587537743932197,0.6545827937950895,0.9774403530948508,0.2853113307920499,0.5010404983902201,0.3135818899512459,0.4996635744365724,0.8171358196124993,0.7214169537059304,0.1825769842595114,0.3623267582540145,0.7250741355363715,0.0097614829732719,0.5709008283320615,0.0292381206264709,0.99723462476078,0.8633254108250151,0.367215829481423,0.6804697563242725,0.0511322023705047,0.7348237195094399,0.8898724804319367,0.9715911622073596,0.7644163778267632,0.653241235941613,0.5264490407650255,0.5729911327061052,0.127795127416711,0.973874866002581,0.961714749942031,0.46180607669501,0.1025394457929795,0.1489788269865495,0.0004468139264459,0.1744672768131062,0.9505043376003576,0.0323053403551438,0.6546270201100833,0.8217692616900707,0.1835601186267812,0.0677110835275661,0.1094069975130491,0.3419150209573631,0.2750904899733204,0.5431935707333195,0.5511179505318962,0.5867180951596923,0.2528601832706558,0.798974055445006,0.906549536458556,0.2389302433344899,0.9372138113119036,0.6767493469418508,0.6934847719024357,0.3351603508616491,0.1978289835883128,0.7221959916962529,,,,,,,,,,,,,,,,,,,,,,,,,,,,,,,,,,,,,,,,,,,,,,,,,,,,,,,,,,,,,,,,,,,,,,,,,,,,,,,,,,,,,,,,,,,,,,,,
7,141,cluster_switch,t1,0.4092154146849238,0.6633636378240411,0.5580275021245401,0.905958690310958,0.184786387462603,0.8243028905373473,0.2152852582262707,0.0583954464726319,0.7482486009390231,0.5228771829627172,0.2380118395854901,0.8757647438201844,0.6282277462859627,0.1781100063722017,0.6306159793165325,0.2890277208524459,0.7202687819097333,0.7768997896653117,0.9465751628614228,0.2969575284510316,0.7246239574137078,0.4227481879342543,0.4268296022345496,0.254112533802352,0.5650166499590602,0.2604285658088415,0.2730052082731149,0.501298870742914,0.8204665996405239,0.0462038506367707,0.3495963012399213,0.7504436653175732,0.1253180382313213,0.5247260378497808,0.1185316305681556,0.8433678634096062,0.3590830833132178,0.6258260839711658,0.0980866992958371,0.7330953813218258,0.9626925676807612,0.4405755788559452,0.875243537625153,0.9315483205853724,0.7071888146067471,0.9003886234989458,0.84372397403745,0.5966947231352064,0.7006742282580216,0.2938378091472439,0.6401234298927692,0.2703664692431096,0.1121340656970086,0.7007164729973144,0.4215490014689669,0.7560455635091909,0.5808600780123498,0.5227160854811699,0.2806555565688625,0.8085018553715654,0.2264716810336891,0.5332505305311163,0.0720471234263258,0.4770759579456142,0.0775759315119634,0.9109917076594432,0.2917058779570086,0.7827109544190353,0.8144907082561664,0.9254407883549152,0.9517380164119164,0.2870594453153692,0.2159821919277019,0.7841451612125501,0.3211758737279802,0.2697262213510993,0.2203668415956412,0.0742929173558176,0.2770630258545111,0.1444686490854059,0.6789435150930336,0.2656805447655213,0.6272725142562477,0.0677284443007307,0.4268761036765965,0.8071084574293347,0.4621576722736739,0.1183280228762403,0.079943163266747,0.162711150723406,0.230445448857553,0.0615542267962172,0.9861338203805312,0.2533585596488382,0.8912838371957066,,,,,,,,,,,,,,,,,,,,,,,,,,,,,,,,,,,,,,,,,,,,,,,,,,,,,,,,,,,,,,,,,,,,,,,,,,,,,,,,,,,,,,,,,,,,,,,,
8,141,cluster_switch,t0,0.4076044533115749,0.4041845886061735,0.6930875911940877,0.3715027386452744,0.9830879506674992,0.4904558351962724,0.4893847521410454,0.6193132590191796,0.4951845644987539,0.4544705414793137,0.1680592203637669,0.606715752664218,0.4426072256791045,0.7100883915066402,0.3282505365271775,0.6566718817894336,0.6520249992967795,0.5341181540079938,0.155930163897085,0.5348486733408221,0.8985201456684115,0.0970591687888494,0.3178367433185871,0.160429494613346,0.5831963242451565,0.2634297440954314,0.9952288285105771,0.2553636099196191,0.9716702664733428,0.6052604760955144,0.6191617813483355,0.2432549293730084,0.2857205191011878,0.1374227363366251,0.0991114047516363,0.1231470197226458,0.3922801828805434,0.0975831912825677,0.960080955008684,0.108223372708555,0.726480599138662,0.9672962680189432,0.1071857266970213,0.9216345411300736,0.8064834995533665,0.9027142923248708,0.5588506445184079,0.8944562235577477,0.8077561428869067,0.6845351881328864,0.4883223659918282,0.3765031956613831,0.0214258220727332,0.1946420440230044,0.5229629966226459,0.8351845499550458,0.7266871155603156,0.9743487420108476,0.6609087742654834,0.9163491558953284,0.4931153734233532,0.6527377064651761,0.769346182502649,0.747471058202206,0.7218901666711697,0.0729680514941953,0.3044129903641637,0.4042792880613118,0.7588615812831317,0.0906666172118487,0.8692913162152731,0.6340587387377592,0.259998415626382,0.257228863083908,0.8848359091277225,0.0029651362999604,0.1612082418137006,0.5162168406062949,0.2014178317311317,0.945662844729704,0.1653408186800248,0.6055161081533577,0.7499495730865989,0.8284131548789517,0.5323696747469835,0.9831157101742868,0.0019110083380937,0.7366199955030563,0.4378529797663211,0.5199154562131081,0.4115213235773994,0.8696492643493031,0.5879340362952117,0.1265595770000835,0.5496417022791737,,,,,,,,,,,,,,,,,,,,,,,,,,,,,,,,,,,,,,,,,,,,,,,,,,,,,,,,,,,,,,,,,,,,,,,,,,,,,,,,,,,,,,,,,,,,,,,,
9,169,cluster_switch,t1,0.2658091081328407,0.9405594577549906,0.6383737059179404,0.4325313150639222,0.333480737119869,0.1631999794613646,0.511999903061255,0.6499460296730971,0.7460468572943838,0.3514430102820095,0.2703216155236161,0.7590733143914719,0.7596846564179084,0.4256940556794081,0.3784578874196254,0.5108234379035476,0.5818368261198343,0.2041437472154003,0.3875691014229009,0.0123555649477116,0.5409815687142766,0.5534009361998788,0.7506405342861842,0.1966045532247263,0.5988683603606179,0.5163867899550484,0.879957169478182,0.0434370141554831,0.4019148584732979,0.7467726327996388,0.7479350374124967,0.9659207714900188,0.1550991703654787,0.0800593309253872,0.435179179958434,0.6194001306962177,0.5418730151830167,0.407648857846022,0.5661594522485522,0.5181939082874205,0.0708299521229153,0.8457409505939825,0.8993603349659514,0.2896697515061291,0.8393872930114143,0.3351854525585346,0.8632928114610604,0.2913428624416754,0.2646358507042213,0.8211086773389863,0.2342008321900689,0.8186504436337816,0.6679155167903692,0.7556762899646429,0.4384220679746731,0.8208771493453636,0.7862125993608717,0.0026242933436484,0.983817128048699,0.8603257068761747,0.3928620822410525,0.3331666548922877,0.4593072159526691,0.001055876199479,0.4334319082610227,0.0922119363752217,0.0669943020978197,0.3995965752602797,0.8434319727869334,0.0180948609574476,0.3554199733311506,0.2141021345072951,0.3004403056778304,0.6207856173205494,0.837698127197466,0.8795458564170662,0.2514625704448953,0.3116590019879164,0.3614218486650223,0.2097741843495134,0.0033078122540196,0.2951104898430061,0.7342489362390343,0.4414013172202654,0.0071875917514744,0.726499331930142,0.9820479145053878,0.3838427578808111,0.0394752382128096,0.5472713908979426,0.3620107794528241,0.3489724836088246,0.4385121265179936,0.8015348900725312,0.4800401249786484,,,,,,,,,,,,,,,,,,,,,,,,,,,,,,,,,,,,,,,,,,,,,,,,,,,,,,,,,,,,,,,,,,,,,,,,,,,,,,,,,,,,,,,,,,,,,,,,
10,169,cluster_switch,t0,0.1889923136297721,0.7307768205839661,0.3515574293914486,0.4093873120817219,0.7523483676305827,0.6194796959864014,0.1725620169632237,0.7799430716654905,0.2334626985848414,0.8249694318531553,0.7627798590963814,0.123317874716436,0.6919023796420942,0.5224177856862421,0.4838039281783117,0.5088296470547131,0.5940440531641185,0.2937277291888115,0.4584069261612029,0.2802856448951595,0.824350343123999,0.4534851068399282,0.0725268556312488,0.2286511647984012,0.0248602426718617,0.6795749218307464,0.7029336796169575,0.9902365921940632,0.3571641572496317,0.4624624520227275,0.7881232389815941,0.7541057439720686,0.9665459770991356,0.2845796501165136,0.1448006574797483,0.7507323893817219,0.9677644981228344,0.0790099711192892,0.2821785028710453,0.8538455428140245,0.0698309333660511,0.8826985844048143,0.928624288756212,0.6426301176719084,0.3079155502350026,0.3514043013906761,0.2386749536376172,0.6262582819726458,0.5380483807166067,0.966649067231714,0.0736127452357952,0.8045031063373405,0.5254002690266804,0.1297159622046383,0.4045064459768654,0.1837083605047614,0.2736301302113468,0.9507896473655544,0.4840398746845794,0.0420669508647524,0.7343569856090718,0.3820318007856185,0.1057094409414841,0.6629169332015162,0.0854881405289108,0.0088001686146805,0.4853930671811747,0.4798232147004718,0.9499386538672756,0.2309474643782444,0.3484497494141747,0.4091964425894517,0.5213608184823255,0.6132047788327325,0.4157455171432325,0.4663685659620715,0.8552872333954255,0.2026565974482626,0.1438197944140031,0.3349297137572625,0.6680921687425353,0.0198600293961439,0.7078448602125926,0.9689383675880964,0.6786545118189323,0.8180837083350612,0.1519346029730959,0.2886643885780446,0.572167088943584,0.0420403160541047,0.5515070618958525,0.7806855917538494,0.1578757820716043,0.9470935403679424,0.3314961119545783,,,,,,,,,,,,,,,,,,,,,,,,,,,,,,,,,,,,,,,,,,,,,,,,,,,,,,,,,,,,,,,,,,,,,,,,,,,,,,,,,,,,,,,,,,,,,,,,
11,169,cluster_switch,t0,0.8728377150192151,0.601050715212613,0.156459179685181,0.505781540282998,0.6477739744944736,0.3034741802927069,0.4321581815542838,0.8670931408663739,0.8248370784593413,0.7598285082676388,0.2383183013638921,0.6841533094240957,0.4917348376811162,0.8921537588867928,0.0901165915291384,0.4613099991294036,0.3396776028147039,0.4033948211689546,0.3041076155180536,0.5017250635710803,0.1352610524274026,0.9542430474499116,0.4286087047744018,0.8187544810205719,0.4231317430133988,0.6119360548905967,0.981015065239815,0.5088322792905117,0.5429289086390306,0.7999111634728349,0.3195670539374644,0.1360100264795959,0.4222736728260327,0.3728781992196603,0.7172842571918936,0.5387438812820814,0.2490376541835997,0.8192508093732026,0.6219968715400673,0.2624964205738419,0.7038056888777743,0.4425685483080926,0.62437281142201,0.8488779204525021,0.5546556784458743,0.2888341540025193,0.2824182776731888,0.0197065972706179,0.9216000923248991,0.1793916238391384,0.3944077860085579,0.8787608207563344,0.3032481143940069,0.214390887619465,0.1714781934800213,0.0894877006032117,0.8802263135025653,0.0667373769125931,0.8617629105479974,0.3148688344778813,0.86224238866401,0.0462599448675695,0.0159651440646662,0.2592802464008463,0.383571912874996,0.7524681805228011,0.5527448896586603,0.4960276370223513,0.9822764183152172,0.0589532724088303,0.3202521179900142,0.201636502527356,0.9317654559562464,0.2738517304955437,0.8276109081955995,0.7696084208291197,0.3691117358158492,0.9080777978228968,0.8260693207123956,0.4941883868689034,0.0748415854552919,0.8243052618720073,0.8330090449399158,0.7069693767687476,0.3043085909527721,0.9142795004900156,0.2234302045185947,0.4771645782116882,0.958903606452216,0.9479720443160792,0.1672759941166379,0.2593040226590987,0.9776081077364714,0.008348580187574,0.970099641161288,,,,,,,,,,,,,,,,,,,,,,,,,,,,,,,,,,,,,,,,,,,,,,,,,,,,,,,,,,,,,,,,,,,,,,,,,,,,,,,,,,,,,,,,,,,,,,,,
12,223,switch,t0,0.0853184651018277,0.0295038937267428,,,,,0.2867371253609712,0.2823842285212441,0.4306984957021766,0.368018546132228,0.969621401482738,,,,0.8978034589542676,,0.6301373666555293,,,,0.4992459121851966,,,0.0988445072104928,,,,0.4056465613111419,,,0.6857032274865774,,,0.4329181844657044,,0.6513100079984556,,,,,,,,,,,0.7243015164222852,,,,,,,,0.8475666810685838,0.4708340424216748,0.5234425524460742,0.0978511155002195,,,,,,0.0049115412776897,0.9666095908661876,,,0.0889287774479536,,0.5667322442473878,,,,,0.2902622615551805,,,,0.8200722285460659,0.9561130600522884,,0.9147706464650268,,0.0145516288603441,,,,0.0537280789222993,0.6374124945638299,0.185598033194042,,,0.2422629939579086,,,0.5288909463308514,0.4227186369693899,0.6974547623979362,0.7104088890978574,0.4448155355148636,0.6662831266286805,0.2729510181254342,0.8898781261233378,0.55967296684718,0.9606625545640274,0.3442652340253408,0.6807922917125502,0.2723688053907981,0.2559900506084301,0.8538179464968362,0.5156019255655641,0.3629027439398233,0.8527455120096349,0.3730537221644713,0.8376791955709434,0.843311784521237,0.3050127492112172,0.3743200402551002,0.2459748032277369,0.4547943108943133,0.3421187657926319,0.5670943963472583,0.7578188106420344,0.1847244300839686,0.5311163613063158,0.5426611638865904,0.1209355388906073,0.8743852201655979,0.6654676941262212,0.0808074492139594,0.8837849894932504,0.8452635262480166,0.5628129203839807,0.2148412425401284,0.898784970208554,0.2668395017999959,0.3433998604468272,0.0909802962373811,0.5487550932866763,0.8825619671429483,0.0171050032342614,0.4486881420736123,0.6798881999195544,0.7188614550901695,0.9075571402367396,0.8943384696466945,0.930471102101158,0.091493405544233,0.3572149100383618,0.9404141452141492,0.8288380805156387,0.8440393404121677,0.1364494557249601,0.1529662713039131,0.3960271110250066,0.837541421290354,0.9020866325517316,,,,,,,,,,,,,,,,,,,,,,,,,,,,,,,,,,
13,223,switch,t1,0.6073095531852047,0.2137680846886056,,,,,0.148712089638879,0.2115128787856548,0.6028489051374188,0.477471218679583,0.1078639979030601,,,,0.3189118687375513,,0.721087430656265,,,,0.332721863064224,,,0.7321749865115688,,,,0.6033721938855587,,,0.5437003435205457,,,0.1616312829900561,,0.8040969578516997,,,,,,,,,,,0.7638700142913121,,,,,,,,0.9017370579842504,0.3132722218126419,0.3870727325924056,0.1938871610156342,,,,,,0.2299764255805116,0.2144808662244235,,,0.997722560370082,,0.870662734001063,,,,,0.108258647924025,,,,0.5252977451597015,0.8054888777448698,,0.7246595425994922,,0.2338835596264826,,,,0.7082499298410095,0.6737079779423206,0.327040517148065,,,0.1950239390440591,,,0.1846389955102418,0.4556243873294221,0.2472536624975453,0.7477656261026109,0.5605242695244298,0.6977591454496875,0.338696657306495,0.1008752201647051,0.4289338643358514,0.0923324569253196,0.1968947551058776,0.3672553477107811,0.8024863345981205,0.4932288010450578,0.9155325157965704,0.3445000857807911,0.7392075840015319,0.7238941956296711,0.5294639319806506,0.6378367934936963,0.7012065405107034,0.3169943138701893,0.2176508633385,0.4694154417626177,0.2393081912474977,0.7057403597528751,0.9380862462930982,0.234059670287851,0.5622796039280306,0.8820673036989666,0.0200069071632714,0.9899325999990072,0.7276199431179586,0.4950700526056607,0.5972842863550364,0.0328883189752987,0.1976200978820067,0.1409399870952848,0.6673065751527036,0.2305596721674748,0.9862836616893548,0.6580532681574536,0.7471725747369116,0.5456345318932295,0.0851000089967951,0.3373708405945647,0.2327322458250951,0.9618420247358512,0.5217387493672663,0.995443958172476,0.6000124714495672,0.9959179000190628,0.5281960956185765,0.9740097320507962,0.0847714514609302,0.9579984138279112,0.7576744109562088,0.4770674621916086,0.2022022476388426,0.4979960123186866,0.4833106307550898,0.7086074567058057,,,,,,,,,,,,,,,,,,,,,,,,,,,,,,,,,,
14,223,switch,t1,0.5890007628118783,0.7005888382836549,,,,,0.7197672420216918,0.2392246609539844,0.2353621200652697,0.5968277461518035,0.9185149668657722,,,,0.1590478812149474,,0.6211887109458056,,,,0.4165847459701212,,,0.9741621282236528,,,,0.2409535491197214,,,0.4304506888020259,,,0.6117786092563726,,0.2101319480720107,,,,,,,,,,,0.3248685360679157,,,,,,,,0.9698541074069702,0.6577780646420897,0.341716714536202,0.7196522610115006,,,,,,0.6698141503723363,0.7342602309109645,,,0.8556676165375909,,0.0907196354782051,,,,,0.1084836519450779,,,,0.5683555064304568,0.3097824194979142,,0.3440423104963341,,0.1435014224197534,,,,0.0659299374630366,0.1379161618255688,0.3236106610884172,,,0.8203722460712434,,,0.364934069331545,0.2860804215628618,0.7672339570223347,0.4579215260405147,0.3388670714655142,0.5164726602156746,0.354067876802959,0.274150754717126,0.0132573677068636,0.5461248394384227,0.8964683770539856,0.8051983211620101,0.473505835724436,0.2699551276612484,0.416727237215112,0.1657260549089122,0.8553150573792474,0.6225301188035978,0.435903055519485,0.5071786916135318,0.3547926224749607,0.6630498991914469,0.1257239124647237,0.0636474897347092,0.9291649346115778,0.8371963509230019,0.1767248192470631,0.6740296612052661,0.6283167851825933,0.4971725884304848,0.3844986554353808,0.9695854659502392,0.6276099508569278,0.6217896979279406,0.8954166189124068,0.1776228752936721,0.0675913167911439,0.2798210058892056,0.7514457918746991,0.8651836583157052,0.244120542541912,0.5649900666588004,0.1414642549266055,0.6780488829065452,0.0416102084502276,0.398564524004585,0.9544956911130296,0.8962132154874561,0.7690933288499586,0.1259318869446061,0.0863722802674957,0.4390583515287347,0.9120285597548516,0.5689690737210442,0.007707039957354,0.0484638466281355,0.4105109062949484,0.5585377336895029,0.0560597859462113,0.5724669145617253,0.1262213327422258,0.8971664315789426,,,,,,,,,,,,,,,,,,,,,,,,,,,,,,,,,,
15,237,switch,t0,0.2779216664922436,0.9966516322067748,,,,,0.8381612769206097,0.2982743018223843,0.1907319549607509,0.6283969886954991,0.2640187208619681,,,,0.2438385693984198,,0.2284658120667435,,,,0.8246516743566533,,,0.3895006147287856,,,,0.009362705068546,,,0.4318967448314926,,,0.0902780899728656,,0.5505279022113073,,,,,,,,,,,0.3638102752150882,,,,,,,,0.620711705001391,0.9534177840142284,0.5489004969335922,0.5071153728481295,,,,,,0.3891333005181846,0.9610048404642448,,,0.3063178515469722,,0.2259594136720751,,,,,0.0872465933938433,,,,0.2441656913574404,0.1393847065011152,,0.3967968312548119,,0.2765474840830586,,,,0.8264041914364286,0.1525112271044078,0.9911251579819856,,,0.1123131254939444,,,0.1132392112605793,0.1118921141215459,0.9179429397442436,0.102897421868479,0.6189576658202856,0.8999275776678587,0.8086422404833615,0.2043320592508085,0.7325343662490105,0.6084978134470076,0.3505069628386967,0.70335479380664,0.1601174103460654,0.5651937641789394,0.6741048411601073,0.3656174409170603,0.7242736713465967,0.1228310042743954,0.4481739291176262,0.0822165145531733,0.5280998906174178,0.4457854238705722,0.9778874729666504,0.9750760714409212,0.004676956591461,0.977722450932812,0.0618605137537237,0.5186590586849753,0.6199310620273049,0.1840840468869862,0.0602298049738372,0.0745057756829087,0.2451622483261931,0.4786419923202086,0.6365081747927616,0.1794809885522046,0.973363462629796,0.6547524816153993,0.9238469386353652,0.4429971739843832,0.9503917800429756,0.5575809294627523,0.0538655272658163,0.0829135965811432,0.966717902088056,0.0658582230998204,0.704400482668009,0.6659482683712588,0.333383285491616,0.1045256725289938,0.7089473753519113,0.3481264134792654,0.1669552585137126,0.9715254537887524,0.554822504703307,0.1040673440770865,0.7587771852994631,0.9580426760933798,0.6407214584334078,0.0034878756353349,0.0561456847604248,0.9173874853726206,,,,,,,,,,,,,,,,,,,,,,,,,,,,,,,,,,
16,237,switch,t1,0.5940871475033646,0.5883630682411857,,,,,0.8735891041123468,0.8707350577264064,0.5597000677820687,0.3097828755856746,0.6205533538990193,,,,0.8260386136826302,,0.4482506675776205,,,,0.3779870975697734,,,0.7338375957925248,,,,0.5656367728800676,,,0.9413662783293888,,,0.0008225288585179,,0.3316064554877689,,,,,,,,,,,0.7512526554213506,,,,,,,,0.8486521852141998,0.0268215252614651,0.8443028202416795,0.2223467709407509,,,,,,0.140130352305364,0.4722978452316735,,,0.1624234949754537,,0.8597090136067895,,,,,0.5049360337089687,,,,0.9878901195770036,0.1148377763428373,,0.5764680160591464,,0.6409807484890001,,,,0.9270674920369968,0.7833618746848917,0.0807274586127996,,,0.0318487686062816,,,0.1798678423342259,0.6735724196080638,0.4821692265203678,0.5279770762642326,0.705487138890708,0.834193173327022,0.0792511880815208,0.2658547426201253,0.7577379797090745,0.7555776264091949,0.9113577671711542,0.0924890578886753,0.445421289718902,0.2081973788864014,0.814900145091039,0.1712680405078812,0.9807891164719678,0.7163553068936325,0.3230573632536115,0.7064069797692544,0.1718694174048103,0.6806990244678998,0.5656075651718891,0.9311819633598988,0.635705707058304,0.3108145311578585,0.3709418387796255,0.9425691517222896,0.7730456021465323,0.0370071254693397,0.5502350214740598,0.1253411993065021,0.0897443152473269,0.3538004439482703,0.758695227728694,0.9405197980633228,0.8729069805199313,0.0919716101342287,0.2128148334596243,0.0265173521193664,0.4296398293690993,0.9499768169473618,0.9889615880399149,0.1091003879438581,0.6876504041281196,0.8740633019859213,0.3264763651216279,0.0608321381990505,0.9055221377201038,0.3381393549485602,0.6332481323286281,0.5544490524093924,0.3607212118491788,0.1213481549662922,0.0827769117435397,0.8284272616101777,0.3991528244042778,0.8641550545017279,0.1743943866401155,0.8782577169957422,0.2790587149420583,0.2208829181911648,,,,,,,,,,,,,,,,,,,,,,,,,,,,,,,,,,
17,237,switch,t0,0.7463739517485538,0.1709449965080297,,,,,0.3342423704282206,0.2928004902027818,0.8493479276438789,0.2481579201605758,0.7573203636994419,,,,0.435531609016599,,0.2669292291313,,,,0.0876033587435536,,,0.0791483497870509,,,,0.9576777414894364,,,0.576827386478039,,,0.1596463178752013,,0.9107810167484276,,,,,,,,,,,0.0940891454456127,,,,,,,,0.4115319772548329,0.9215878951977876,0.9040540101936616,0.1122093850001163,,,,,,0.9360325201303192,0.2339688584055459,,,0.2675414675008246,,0.3939916512365143,,,,,0.8270735714404298,,,,0.5146251677262519,0.0875128904561314,,0.0132723948513872,,0.8677912495842983,,,,0.318727129973207,0.5424316700147459,0.3242720240557782,,,0.071354443448538,,,0.7532752035185314,0.3282232931339084,0.8994757608281181,0.3892662346882191,0.4063587400398621,0.5479968479925489,0.8610535207602007,0.355931009502785,0.442827411744252,0.3383708225637015,0.8124368653544808,0.5795053765388198,0.9708737686828834,0.4185098636652338,0.5340654827145662,0.6108710341296232,0.6767695544021444,0.2240057401140377,0.7145879071514679,0.7189844484507492,0.2918033136529634,0.6294677566040555,0.7287409358900416,0.8378680042062525,0.5702041718515096,0.0791051791512146,0.7757883590928951,0.6481617151219592,0.3950218560187007,0.8277640283037192,0.1900338542496732,0.6593659908150872,0.6674667338552029,0.2944730223665293,0.9879423926592078,0.7349499519954517,0.9498379109670836,0.7267826456679379,0.3878503062712507,0.8032990387790762,0.294234453676048,0.9811565198059689,0.3490495020107043,0.8405910503028607,0.5613216111154228,0.0934285938757502,0.0072148335757213,0.0697251481330104,0.1814804042017932,0.6478215718179898,0.979206336080194,0.8505958260987347,0.9846100773958992,0.3697755054388603,0.9573901635284804,0.0010253502413318,0.7996151628176104,0.1371776235826319,0.8899422248874608,0.3364398190980735,0.9473129298405966,0.5789119521124374,,,,,,,,,,,,,,,,,,,,,,,,,,,,,,,,,,
18,237,switch,t2,0.1622342738617892,0.9722721113229408,,,,,0.4687157891270017,0.4356239241601511,0.6410013977087408,0.5418103445472833,0.7302212092313978,,,,0.1661326985442719,,0.3018942540789441,,,,0.6282206611271942,,,0.583706829414697,,,,0.918130273603151,,,0.59286740819072,,,0.2020771640321648,,0.5012739619111717,,,,,,,,,,,0.3002387612735678,,,,,,,,0.2313093415664409,0.864621568268682,0.8695513762095736,0.6350567244648194,,,,,,0.5955252116021653,0.8533724651110755,,,0.1504171455838439,,0.1265874905590048,,,,,0.2839980599335074,,,,0.5947388017955028,0.7997176548623086,,0.9104166561577524,,0.6075558994071475,,,,0.7659414105471208,0.4692702434053012,0.7321909443069347,,,0.9454583298846744,,,0.5226252003379167,0.5001776732374339,0.6737884448317131,0.4072482328154916,0.5641987884681925,0.5491719995945022,0.842866894666002,0.8365372378362798,0.3506762169061945,0.3025614076796968,0.5187244410194342,0.5351580352793471,0.292988264821753,0.2794686342571962,0.6318969757550466,0.6712501992413268,0.5334442130316008,0.8382640994384414,0.4536004662159347,0.4616195335725591,0.0576245851233958,0.077039022431727,0.5043871456715978,0.2888603929531315,0.4219113875211051,0.558920069631044,0.5705134045091604,0.8959451890794076,0.659244897024565,0.8033426639768059,0.6763683607706822,0.9092558068665056,0.0992775469846287,0.3311783095132568,0.8003280208262679,0.4267676844993313,0.4819969007349667,0.0503575782632162,0.4845576410730767,0.9887422858141396,0.6043979058221705,0.2029690327680763,0.084303087279554,0.7610474257184421,0.7662097609278585,0.7996848759165353,0.953099921456261,0.681647098295722,0.1707815858468665,0.656406392392634,0.0645416449645308,0.1085013851012735,0.1553604810905369,0.1017932247925152,0.7370539749242564,0.3650343205102381,0.0280945026120056,0.8692311846394489,0.9316509034450466,0.361953456771934,0.2902251004883469,0.3298217156829509,,,,,,,,,,,,,,,,,,,,,,,,,,,,,,,,,,
19,155,switch,t0,0.3902953434683505,0.6499521065837431,,,,,0.0328701702803341,0.4629981286046483,0.4145441608200002,0.7873853836096789,0.8939429849526762,,,,0.4126134995610374,,0.996705368133247,,,,0.859358815114607,,,0.0886190770705517,,,,0.5934308988212954,,,0.2806175158963632,,,0.4884370485893322,,0.3573074204153479,,,,,,,,,,,0.9252780112944484,,,,,,,,0.4076503402315898,0.8629151246597024,0.7484030315744936,0.6799957134450725,,,,,,0.9692606756187424,0.5468373957565013,,,0.5387060591696669,,0.0036664371586099,,,,,0.9022741121883032,,,,0.9687569474839266,0.9286148342014549,,0.1669271259356846,,0.2997288343590838,,,,0.0032927687971127,0.803453653520916,0.0856093930111933,,,0.7776389352951187,,,0.4036651578575955,0.5624985281673394,0.5173372758645899,0.3829135224030791,0.3306486221662106,0.601036182368683,0.6117589363358484,0.130330794298313,0.2035827135055855,0.4737702849787699,0.3658458638016585,0.614931194097889,0.6053385628088743,0.4523806605410678,0.2740406676899942,0.7948497025031983,0.6520861802517476,0.6444312968467293,0.0566168160517456,0.9144666663445322,0.9192336614283332,0.0134017762124537,0.3551087560775873,0.6200267541111234,0.7869468344534423,0.5870831906581594,0.2939817258707199,0.2655193267521731,0.3734021922321869,0.6793354676080336,0.0546050602265446,0.1346763163897962,0.5703181157377054,0.1719210525113524,0.9509007079735234,0.1297916679593019,0.7384094978058448,0.5274036811225405,0.6599858366528525,0.6668036910283291,0.7624261001110731,0.2760683968949287,0.6470658951858792,0.3185517423649052,0.7318941593638919,0.0505704479630539,0.1631070810063799,0.8503822305768355,0.8468182357940623,0.2843915407463003,0.0338101104432937,0.8128356786706348,0.3646451084005608,0.4843343369950854,0.200867937846161,0.2689567677553333,0.6928289021314981,0.8575384842344025,0.875461269695027,0.0170423816721201,0.4256873712030742,0.128523210713112,,,,,,,,,,,,,,,,,,,,,,,,,,,,,,,,,,
20,155,switch,t2,0.1830570682210826,0.4673279601640826,,,,,0.4417398792199745,0.2889134483055701,0.1846921456041886,0.6518465952745395,0.5132154141593632,,,,0.7432628378053606,,0.0301523217559183,,,,0.3704063273499443,,,0.0045611243579731,,,,0.1154343169060441,,,0.5705340383695717,,,0.971890054557722,,0.5049582220316856,,,,,,,,,,,0.1301130328124068,,,,,,,,0.3925652789614361,0.3187240070116586,0.9134260772204186,0.6959135262429266,,,,,,0.0936411217150824,0.0411324316283171,,,0.4771328482483107,,0.7538169700874968,,,,,0.1759243402130996,,,,0.150457216086258,0.476294109360482,,0.503520495513565,,0.5409385928848031,,,,0.3073309432569119,0.8076348223573897,0.8219805681554677,,,0.793842338628789,,,0.8669523157464007,0.3246462635407288,0.4662626104365395,0.8027412964570021,0.3621427856673745,0.6519452985184753,0.0405839415862083,0.1282001917556047,0.8711233104166897,0.2675620491166935,0.0563397954463003,0.773400554430911,0.7274181405536958,0.4874504108179591,0.3114407315391851,0.6063515712692049,0.5541561517949366,0.6408788291644961,0.4539202808649137,0.0515946705633943,0.540054622096699,0.663196327852125,0.8675892857856348,0.9294765276059642,0.7796053770040475,0.5620235575704633,0.8407020891649066,0.4123222124695016,0.5084949451185227,0.9760251229000376,0.5909686671501597,0.5442045664829983,0.5066423330214409,0.1387032395710606,0.0561618608796959,0.0134730675431492,0.7930664375237891,0.6970293348619958,0.2493349874157837,0.7544572055539931,0.698205916068214,0.4671034174336171,0.9449327111048492,0.677312453894395,0.5071031382207528,0.7110475901700742,0.637394742042565,0.2725573923879042,0.7249378598701304,0.7049867084381656,0.2692887060033285,0.8748431145585238,0.6103044686550501,0.0243276454276885,0.9194794681404403,0.2949576710987549,0.98022976689487,0.5590954594265363,0.3978010758790637,0.8478250182224291,0.1713154297545016,0.3140304815043703,,,,,,,,,,,,,,,,,,,,,,,,,,,,,,,,,,
21,155,switch,t0,0.2181495405507078,0.9374329931320536,,,,,0.4322686729649659,0.1813829107713785,0.9630005541745236,0.5289504270007699,0.1188909825915017,,,,0.0565453639213475,,0.3173450613221692,,,,0.2666457989849633,,,0.292013705729037,,,,0.0581571582677424,,,0.3414974713309894,,,0.5246440363095937,,0.7375152068157709,,,,,,,,,,,0.8843269863580018,,,,,,,,0.7815471109486084,0.1266596089735396,0.344246331187729,0.2773057673157001,,,,,,0.7679841046653514,0.605284438683004,,,0.5500210481060401,,0.4605686668728566,,,,,0.0224641820594089,,,,0.0495602208935824,0.0643804687340832,,0.6321209732330599,,0.1054928589626436,,,,0.2384084766597721,0.5806767725014005,0.0686762260573126,,,0.0671220967667343,,,0.5551302606430866,0.7793963137223675,0.5882998036071486,0.3942533443294542,0.6464783839173383,0.090492135340445,0.7666581476252312,0.5020643859548692,0.6839124184033818,0.3937488392740882,0.6434137457086788,0.9820602068682008,0.4024749203851291,0.8418726391628082,0.6017728623461598,0.8313728439948056,0.7869865668464087,0.8468745794694005,0.2377951759539593,0.1176589607435508,0.1733373955205654,0.7851792656041374,0.9416767636003184,0.1985147017167502,0.8248036672262344,0.4057291498646143,0.6108139538607693,0.9342340411995138,0.0150207042996756,0.7218343079390273,0.3409800467894158,0.0643159506391651,0.9550435473367166,0.8424482189514374,0.9354034790196006,0.985915092044714,0.8553136108420212,0.6225709019563441,0.3263975640473396,0.2788093174718568,0.0986033489804939,0.3431165472240154,0.1922042363692779,0.9056042337703194,0.0880057164114205,0.6164142032386488,0.9975641958690228,0.441454861389753,0.2350296807944576,0.7545385551773817,0.2204925374332929,0.1509023980479236,0.8202139957128624,0.2624550113522867,0.2983586985544403,0.7409160249013939,0.9090360569873024,0.8971196247262025,0.1729652378959557,0.4752584107156077,0.700501512232772,0.7639734574310425,,,,,,,,,,,,,,,,,,,,,,,,,,,,,,,,,,
22,141,switch,t0,0.3567109141475856,0.1827429193465897,,,,,0.3037518198311669,0.4315656512153312,0.4994098928537955,0.819538804925496,0.0260215882484763,,,,0.9969839626254936,,0.4064069655063075,,,,0.6606763552230095,,,0.9419644770718544,,,,0.8393116467206951,,,0.5246443968542098,,,0.885017805230438,,0.7481973960036755,,,,,,,,,,,0.0862527132549739,,,,,,,,0.0723283765731411,0.8615819241475126,0.6112691146273225,0.1807253098793668,,,,,,0.5462133798929311,0.2994304154481032,,,0.2076833240682815,,0.2578275268226623,,,,,0.5263216830724817,,,,0.8986230108652415,0.7561298193146081,,0.6789630465739179,,0.6084685671686881,,,,0.6443567433408446,0.3693696001187169,0.2818742708146166,,,0.9692873837391264,,,0.2698865698156178,0.744023115860697,0.3946154479033121,0.6474614424174125,0.943629417712074,0.5063297563079011,0.6149598706887563,0.3314037744962547,0.5146878384471688,0.6274443549068546,0.7420703366264324,0.5147534747890193,0.5710713104400845,0.3156360404406412,0.7377914529051898,0.7417636237963612,0.6733939378201574,0.3630264062940983,0.3515186502158633,0.153582956859806,0.6879872771472915,0.7913019630976252,0.0394077201462303,0.851963690260797,0.202729877788334,0.0076037045053561,0.2264091433720365,0.7991055604622698,0.8000283572556339,0.8384477077392112,0.5624008186770605,0.0680217697578767,0.5963589908361645,0.8643094993212654,0.3228806708180974,0.3253767302081091,0.9576560462723684,0.9913253342025524,0.8973632300866827,0.7664590544020791,0.1966106981166551,0.3992722839002511,0.071613990010918,0.1636242361116925,0.3994747793171587,0.0178196190415103,0.6247394874912332,0.348993456588403,0.5456043064804402,0.2971553978954496,0.6204022101332631,0.2563828251201006,0.7526535366239223,0.2834312098673137,0.563924632139577,0.2224241254179138,0.993700329098278,0.9606431185104306,0.4256247700004201,0.1102430326234553,0.8759413291286743,0.3916982752875626,,,,,,,,,,,,,,,,,,,,,,,,,,,,,,,,,,
23,141,switch,t0,0.0451722648793725,0.1850779214275031,,,,,0.6141413810186377,0.8582617168902376,0.1427311804851504,0.7876378892740267,0.1087686365805432,,,,0.1212899806409236,,0.5999599784619201,,,,0.0396846447191842,,,0.0188037871102546,,,,0.8201673257370468,,,0.3063133957800429,,,0.1295399429995539,,0.5294410692775702,,,,,,,,,,,0.8523074638676335,,,,,,,,0.5094794752818681,0.1230794035975115,0.1578551987064603,0.4925547835947187,,,,,,0.6052956445546424,0.1016089932808415,,,0.3828099658406715,,0.4198829609625727,,,,,0.3381533404022441,,,,0.5561835367869302,0.9192898155488948,,0.0389668804291167,,0.040927693355457,,,,0.202505753910108,0.9932007532271178,0.1366787013543859,,,0.2985850082750634,,,0.6947752881721735,0.4658664815695196,0.6604320091649213,0.576959470029959,0.2651491739175059,0.8037244288823217,0.4370395606375324,0.3801272435047461,0.6686495697280194,0.1652866376623666,0.8496235752983652,0.4035529618926955,0.1846806262585878,0.5912100386786914,0.7449487562374407,0.5823855013225544,0.1101539952904293,0.5830545019890797,0.8294135774410354,0.0426744199258822,0.6847193499793939,0.2838514459627691,0.5429432166794551,0.7928333001956904,0.9153585184270624,0.7466650142418607,0.0946950588693574,0.4903826829034957,0.8680260956098848,0.1989090379107038,0.8273451298579029,0.6162653439114194,0.6873495417557871,0.4357710949940916,0.1754813672745216,0.553279290014162,0.5413542672061473,0.5641951805239823,0.774923100540374,0.5687141744757624,0.0736972525196412,0.2973917186764644,0.1442265544378599,0.3040018515651711,0.42887543670949,0.920223615001546,0.323354652185373,0.2783252271150874,0.6846838829410566,0.7096588389655878,0.2870522403721637,0.0516103697405063,0.7399142737216572,0.7359332986638674,0.7239919648834805,0.084655945933745,0.5806297789339631,0.792245703618234,0.4024390897425568,0.1398562549190736,0.0671702619255691,0.518544217067105,,,,,,,,,,,,,,,,,,,,,,,,,,,,,,,,,,
24,223,tor_switch,t0,,0.3417293634178537,,,0.0500336774122927,,0.3557285228611717,,0.9258631818999896,,0.7453422206144827,,,,,0.8578387680181969,,,0.9012378916366868,,,,,0.5805926898144341,,,0.6178350628334313,,,0.4107602265144056,0.1635178765958027,,,0.6780729922800265,0.7780699842413443,0.6505086177343323,0.0881794691591077,,0.5883248101459152,,0.482851571883144,0.2470597918918451,,0.8026224147093204,0.756020941114079,,,0.3362303678588996,0.1513994874475549,,,0.6549504920198561,,,0.6837646228089702,,,,,0.4719530211786195,0.177064576029108,,,,,0.5815125742847866,0.111536146208796,0.7406501885411563,0.3149915737418466,,,,,0.1068266102753556,,0.08899906145717,,,,,0.7398330953977835,0.2522735898143883,,,0.9260631777505188,0.6619799136133449,0.1883773184081337,,,,,0.7703931018149941,,0.0962024424350116,,0.7583121046928034,0.0626708849151491,0.5559283049898431,0.8929275665937005,,0.2040472273809213,,0.0704104426496105,,0.3557189987519544,,,,,0.1530859981682821,0.9606671663489844,,,0.8010472668167606,0.4271832513314137,,0.5086005054592353,,0.6092563388588828,,,0.3904493509161575,,,,,,0.6738108537461918,,,,,,,,,,,0.2538399285333333,,0.0231788069635728,0.8717533844397389,0.1227125324093002,,,,,,,0.1605446587878698,,,,,0.4606248871977669,0.6893213137838683,,0.2399607427514556,0.5571007539114375,0.6218046909147349,0.7678926968013395,0.3836627744547797,0.0216265602658901,0.3766319689755054,0.5851082578672091,0.6555692079660135,0.4782516950866852,0.5997249087035968,0.0722755712842115,0.7541301109803333,0.6056179549190038,0.3450442991939432,0.4179469985735631,0.7624646408949514,0.2194516290901627,0.1731955720487172,0.9372665693868292,0.5141409077490484,0.4839421569310502,0.2668455939948593,0.5165565862532475,0.748543918979553,0.4494260870419345,0.1070453332244832,0.622578692827461,0.7145651716080623,0.1262801732099888,0.7202968724062577,0.6910055860459066,0.2170445453229833,0.5226113036245369
25,223,tor_switch,t0,,0.6945889044876516,,,0.5304362174888256,,0.0030782647076168,,0.861643935162004,,0.2470074908179892,,,,,0.955387573927044,,,0.9768695094915336,,,,,0.8166654661531203,,,0.9226509415675794,,,0.7148591490024649,0.8918040380956037,,,0.4243176614122546,0.649845865186165,0.5839132594705487,0.5055275454215569,,0.8464231618300082,,0.4446576577779396,0.8424227237342928,,0.2024190981053598,0.7363336286632072,,,0.9651990130659136,0.4896118797629339,,,0.451635277920578,,,0.1548911107429315,,,,,0.8040265003340028,0.4210463903267475,,,,,0.5387678700178566,0.0213795120941507,0.3580195486629183,0.2837556367551831,,,,,0.6755512817903775,,0.1312152623749035,,,,,0.7276554880060436,0.4603121999621391,,,0.6784502328844138,0.9270058262571932,0.2119031795587603,,,,,0.4317672347052813,,0.5784364446234075,,0.3493085623581038,0.9467277304948362,0.0175822501890091,0.3474357057808104,,0.6983961614085722,,0.9397067698162548,,0.3594937818146909,,,,,0.8638700092049556,0.4673346204066154,,,0.0104642778344804,0.6522190735335686,,0.2342174039383149,,0.1548668797677918,,,0.466209703763786,,,,,,0.3519379806529742,,,,,,,,,,,0.1056471547466237,,0.2403832631695055,0.597732658620534,0.0718991914357525,,,,,,,0.0640944543960908,,,,,0.0810089711390266,0.198644337519247,,0.6428647044221186,0.439437802423556,0.9181827927847496,0.5295477347179192,0.2130016099636849,0.4004465746459055,0.2405239549748868,0.7413455655990204,0.7033710434039846,0.7421692762473471,0.0056707155632147,0.0450518262390814,0.5437359055683991,0.0680706892744715,0.5723959339971936,0.4619736859492754,0.9772533352344492,0.0182759078785645,0.0174947859016988,0.0266170599150196,0.7715657624316381,0.6812217991902104,0.0045900971546374,0.3633584447454097,0.907573660109709,0.7778047247100982,0.9732937727962448,0.5575697219979399,0.6824368934480852,0.0753218561351485,0.4070936117955728,0.7949093912088385,0.909297001480574,0.3955906826163192
26,223,tor_switch,t0,,0.2893960314522374,,,0.217121089912737,,0.8312878135827657,,0.7995279341335767,,0.1202021573195724,,,,,0.1738194365990325,,,0.1758226737099273,,,,,0.777492380516342,,,0.5586931803212881,,,0.4359567856471121,0.0672560360659707,,,0.6710108643394537,0.5104661329858263,0.7424774628228525,0.5672026210516629,,0.9094153245804614,,0.699417866032428,0.2727827922169991,,0.4876245482547412,0.8895347126492283,,,0.9851532503949566,0.2017791562835654,,,0.1060367511588291,,,0.0011764493393766,,,,,0.0620664422112429,0.1598461870187584,,,,,0.1331035506790781,0.8429124584440315,0.5841234152838983,0.2110220371685769,,,,,0.5667906625437704,,0.0067546962150493,,,,,0.4436197491040659,0.6953083105510866,,,0.49611917299554,0.0679100904147238,0.3947184291438312,,,,,0.5908392535693443,,0.1905092424334682,,0.5294054672050907,0.5371319129258724,0.4323128213755458,0.2352146025059569,,0.2526757891370855,,0.4661029545290791,,0.2140576088909612,,,,,0.7996042238778881,0.109896591277305,,,0.0871879537491282,0.9320418854386422,,0.6453540293412428,,0.6884351112772567,,,0.0628847324942116,,,,,,0.7648748033782615,,,,,,,,,,,0.3514162761894315,,0.1335967046466851,0.9587086131474094,0.4641951053062809,,,,,,,0.1126377100933184,,,,,0.6910099067421562,0.9625781679824036,,0.3129141710849694,0.3325551379974977,0.361563457519246,0.2860448146117599,0.3736640805059582,0.5472494163236793,0.7065601310075604,0.7021024568994508,0.9366994527071024,0.0281844824815663,0.3130719087772565,0.579496593341577,0.0734033004369139,0.7816657130735379,0.1983934216663906,0.9635823227600951,0.2827564217466962,0.8932367118490583,0.5498977558409105,0.4353202648314951,0.0608530056118353,0.1933042143704013,0.7019646448041084,0.5415057863368061,0.8645110253580682,0.3381105177970064,0.5307530720436922,0.2862775037071966,0.6713211480064534,0.8536973757641179,0.6705253501228875,0.8158962934126858,0.0415410008482144,0.0189336422129466
27,237,tor_switch,t0,,0.3663363916749674,,,0.2767525748865164,,0.9621182374258448,,0.2808889656401262,,0.1317993259209577,,,,,0.4092429249203911,,,0.5042656751815938,,,,,0.6500557465465174,,,0.1999167350972228,,,0.3966190426377795,0.4115194391856511,,,0.5571895159746563,0.9427604095679696,0.991095264111607,0.0523767185093672,,0.8725845464561792,,0.4595008962680779,0.4731010257045189,,0.0317376121502226,0.3939557760494936,,,0.4500255448010192,0.7942657212591123,,,0.3735586228936038,,,0.7415685768207587,,,,,0.1043972631022187,0.9396554676440616,,,,,0.7173706248322456,0.2974381417203544,0.8519075365121885,0.7617349230331965,,,,,0.4639019852970983,,0.8839858741746887,,,,,0.7983441101492255,0.9764820274449798,,,0.5023071645819577,0.8753584870795551,0.9456209522756162,,,,,0.1774699550241434,,0.9396951080262376,,0.6009675015954241,0.8160320148174086,0.3251019891340659,0.1117818575796043,,0.7941308739191147,,0.1070073720285764,,0.811222841325912,,,,,0.410724857479975,0.7910557565272978,,,0.7146959395814585,0.648037157510967,,0.6463745922181908,,0.5017229724384308,,,0.5164426442923404,,,,,,0.4490829331505087,,,,,,,,,,,0.6718468180146372,,0.0930421716756734,0.6684279013991895,0.5442016478619605,,,,,,,0.647873778350237,,,,,0.1766837236425378,0.0703106274301617,,0.5885459175858345,0.1978154407168439,0.4814619182153888,0.917569164223218,0.8221867830201607,0.2337129066515607,0.6909593061985377,0.0338845434277375,0.7781164987909175,0.5131192160333341,0.8943898715424039,0.4204008336697443,0.8833520814807199,0.0780867060165679,0.237478448008674,0.0064135487713211,0.9274760017184698,0.7713508598777918,0.7564130317552857,0.1039696736545837,0.8818192141013099,0.3356445343997052,0.0811739733132944,0.1827671209771549,0.8542811095425569,0.2749553280700235,0.8354723993627569,0.0709288455958868,0.4056882312367537,0.9275075747687213,0.3461583866942347,0.9147689780140296,0.296927295929221,0.7154627875516757
28,155,tor_switch,t0,,0.0849063238176257,,,0.9364251229945588,,0.5746867855307839,,0.5243777483076886,,0.8963742168400357,,,,,0.3163006000013313,,,0.0693510755264295,,,,,0.4835797524085309,,,0.2437213232833528,,,0.3817881989257283,0.9140781286231718,,,0.7186666666354306,0.1825736046567606,0.7292660238927077,0.5368616742307358,,0.4631095488757222,,0.3352012631093176,0.2739722541882426,,0.1521888388175445,0.7569421437472421,,,0.564141512721526,0.0711982015028553,,,0.7235088009673478,,,0.1551259567651137,,,,,0.5810777087498447,0.5869821307099958,,,,,0.6865251045520783,0.1392370381311187,0.3447368343890191,0.6217402091816698,,,,,0.3453557194682443,,0.0354032469304902,,,,,0.687143577163144,0.9677032839094732,,,0.6341545841737076,0.9284839711523256,0.3735608912463308,,,,,0.8752913488137187,,0.3937676102649444,,0.8343386606854054,0.1581756952429437,0.660493294568203,0.7060312187453132,,0.7126126870693913,,0.4687511706508283,,0.8888623805045188,,,,,0.5033454071078018,0.9226029960365084,,,0.8135777019350421,0.772500150263534,,0.3720691911798237,,0.2713966085046185,,,0.774842192031496,,,,,,0.5714737267109736,,,,,,,,,,,0.6664274881317833,,0.9577292450723488,0.8568702696136382,0.8990021733887752,,,,,,,0.5453350691040532,,,,,0.8767230476483456,0.3411346583974499,,0.2705279896411259,0.915317071105445,0.0695941222085276,0.2944084971419093,0.1902969547485504,0.567116326476203,0.3774361687699759,0.4341760082004379,0.7259650806263772,0.5884376287396245,0.9927504398171048,0.0035441653952972,0.057914073100757,0.7478571183434598,0.2906451971987295,0.476028980174645,0.6016178589896731,0.7415861801344938,0.478880286040809,0.5185785529653791,0.5834665677893743,0.9073015765197616,0.9562218503499912,0.1509200143223598,0.1756756289264005,0.6079399380495152,0.4938358272526771,0.6525503692297926,0.691530884778931,0.7557151980699269,0.7937804379413622,0.0023041910349856,0.2325152150517645,0.3472355379601772
29,155,tor_switch,t0,,0.7569067185562715,,,0.5887076272028866,,0.0250296515711236,,0.9316587485535072,,0.2464870065160617,,,,,0.959617414368009,,,0.4156919035002165,,,,,0.2402180107058721,,,0.9901451952759012,,,0.3169411777554721,0.3324715942733975,,,0.4356368438966828,0.0214960404591895,0.714733218319013,0.5492303553511231,,0.2866441563862058,,0.8041480386369503,0.003762604632496,,0.3214831832243348,0.4652887998624415,,,0.397431897812432,0.5116211337329618,,,0.2613024042206768,,,0.6130724367024947,,,,,0.1026937572558741,0.6602316661602029,,,,,0.2588604709082069,0.0150804573633037,0.5927374981693807,0.5876202079908794,,,,,0.2021945463198193,,0.0671131856170818,,,,,0.8971430029430991,0.5027991716027077,,,0.4989846498390786,0.7667892510161524,0.070209502232087,,,,,0.2887433097036452,,0.6360788243818128,,0.5803053497236225,0.5594399967950099,0.9674405211161794,0.6414965307106945,,0.9032913197211792,,0.6299566030958224,,0.8769484134290589,,,,,0.3257153898325768,0.2332860651341199,,,0.423590262620539,0.8439091009791145,,0.6185450999335831,,0.9625083805540888,,,0.7676851714806272,,,,,,0.0123135790164308,,,,,,,,,,,0.2986672636093562,,0.4152476764193452,0.405689086798578,0.2744122103584669,,,,,,,0.2541761121585083,,,,,0.9841707726542068,0.4038614685879407,,0.1932682192542042,0.6393900217018634,0.9106172257297768,0.2239014223835765,0.5014664728189643,0.7116500497362576,0.757345421779866,0.0379820778343875,0.0061628305277965,0.3073789272848638,0.9546077523180172,0.0280212868766571,0.4334251825640079,0.3305012233249901,0.2619703788701552,0.4734154152260874,0.3410213168572217,0.4702992772210892,0.0693042238930254,0.8150703212150411,0.9109721824599512,0.6260114837449758,0.9741930152268996,0.6923413273639689,0.7120283127967433,0.8594143183915266,0.3985065420728373,0.5473017369665152,0.0819681394119898,0.5891275334994339,0.6600599433566136,0.6269850387658552,0.8993193260136717,0.2250323306701972
30,141,tor_switch,t0,,0.6517381488759618,,,0.629116518095562,,0.1178901842446259,,0.6146113230941798,,0.600461948757396,,,,,0.5839383544406904,,,0.3472690361556197,,,,,0.2368357157517134,,,0.8966137157514561,,,0.3398641708692819,0.5141223185602909,,,0.9118800451080628,0.597768503231388,0.4277315406633012,0.9646322930398844,,0.5451542212393719,,0.4125231380053153,0.6703561476091809,,0.3050177818589566,0.6397609799138866,,,0.1711854914919166,0.6839594553501398,,,0.0233905091829055,,,0.7144780417099742,,,,,0.150720528008754,0.6657476661150078,,,,,0.5362814690717969,0.4235920872503672,0.6453385304834981,0.5929968062549921,,,,,0.8147092493002569,,0.7053026459362797,,,,,0.2299518805743872,0.972992988370911,,,0.9686559975541033,0.7344922097642893,0.9588096783606602,,,,,0.3042815326473592,,0.6931507834552684,,0.3674774630595557,0.5789312766927975,0.6689834119957413,0.3222201676658134,,0.3026718508605072,,0.0299480874848457,,0.5664728033468608,,,,,0.1287537206630761,0.5514119237242974,,,0.6656877253728967,0.2819736628478503,,0.8053844576315246,,0.6714378391921717,,,0.9488196652057458,,,,,,0.5603261896506165,,,,,,,,,,,0.2353525429169611,,0.7933951922190594,0.9688059415088744,0.6396499247381014,,,,,,,0.7226831134411199,,,,,0.2010985762855511,0.6122620445014113,,0.3348790913000926,0.676211942758362,0.1887121409217418,0.9301881186206816,0.2904113442079773,0.6651086486693413,0.6723919486274146,0.5611365963230945,0.6447056195513607,0.4418444321175284,0.9933330002383218,0.53978170300535,0.0550755202826043,0.1211175315792429,0.5908820614711386,0.1576748919150854,0.9030181803620312,0.2140281686616678,0.2472306556923051,0.0802965362346046,0.1701975255995262,0.182219497070004,0.5548903410158665,0.754095902279401,0.0698675699839267,0.3808359388969475,0.0668637757822384,0.8898822740440427,0.2985054032260492,0.5364321774307574,0.2496790758308038,0.1030575793275484,0.9918016044561442,0.1531505554433031
31,141,tor_switch,t0,,0.7948320697863595,,,0.0927851154440836,,0.4698575355315911,,0.4980375818622536,,0.0340212142178646,,,,,0.9133409151457652,,,0.2720694786913826,,,,,0.4817662499087042,,,0.408992806345807,,,0.0505348784676631,0.8042764115719458,,,0.4191473834607796,0.6455589089349566,0.946676489181408,0.3851813555812532,,0.6155294834671658,,0.9573238431535104,0.7525603066789811,,0.1559299175991457,0.6968800162039535,,,0.3072700064957602,0.0454823429236409,,,0.3705433452498609,,,0.7567288570935414,,,,,0.0332081552158054,0.6025139813273576,,,,,0.0258183781934752,0.0391769697944511,0.221661122868181,0.9117669376261917,,,,,0.500914978251441,,0.73806898241526,,,,,0.2795790733254966,0.6015485604089873,,,0.4669360872522021,0.6477690509192654,0.9745196928318484,,,,,0.840758707644227,,0.2357196849912775,,0.507251281674244,0.3490172907002554,0.5628986727991937,0.1534570839409617,,0.227127496274983,,0.2549016553601273,,0.3129142601738975,,,,,0.434272155524379,0.7419183164376091,,,0.5279159738298085,0.9518210546751326,,0.5899599974483296,,0.3748360674673218,,,0.4186939525719994,,,,,,0.4779470078683563,,,,,,,,,,,0.2971071938093791,,0.6708202474191856,0.3030048098137137,0.3094172798255322,,,,,,,0.5392259309339297,,,,,0.2479683096282223,0.1879591716878474,,0.0339009372362867,0.6618102858862364,0.4160486043831328,0.0523374453569458,0.5740103335534593,0.712214843488573,0.3684476398350313,0.4359288850343686,0.2177175473412027,0.8876271546256972,0.9040074830742038,0.168212826012869,0.0901662395513011,0.4929207046251171,0.0623868715489535,0.5851097439374754,0.459520642329888,0.5115249322143086,0.7695631324766644,0.5424923334270265,0.7077877734906277,0.3107065430928528,0.4000646070676074,0.7605134799406632,0.0264207415924357,0.1724176865631543,0.3356543206150454,0.6125622984240352,0.6321576157047626,0.6779862714888713,0.0314247902247115,0.1068410248565033,0.0881030373615452,0.5744705277154909
32,141,tor_switch,t0,,0.8479833894954245,,,0.2229965963912265,,0.4789154042875267,,0.0750819373282276,,0.8043790740394369,,,,,0.2153658543874701,,,0.0211827553293042,,,,,0.2055500327647152,,,0.4031437015699273,,,0.6956904838261927,0.1067831403941144,,,0.2341006432100959,0.9132321642939056,0.3472752805868856,0.257597961338336,,0.125054920995043,,0.3327599321323174,0.0666449525677201,,0.181132744454912,0.6301407113764448,,,0.5643118732823874,0.587280504600599,,,0.4592820523150163,,,0.5293500462854162,,,,,0.8828372954832407,0.2355125509641408,,,,,0.9782392814622306,0.993278056263632,0.7407887815095974,0.3115256423320708,,,,,0.6003602976164577,,0.4598287698070521,,,,,0.2556610550428299,0.8489997450583266,,,0.1601404746766428,0.3843561084411018,0.6337307767669698,,,,,0.6844601710398847,,0.2347299265364236,,0.9027864114403068,0.5945779171720488,0.2004335592337019,0.6753629299771674,,0.726166899846279,,0.0079847798951518,,0.1957175628402642,,,,,0.3838671503802824,0.7487392617074441,,,0.2732413742568623,0.937844268842148,,0.5930064792049619,,0.9255863545598306,,,0.5032529415003824,,,,,,0.9443570301441911,,,,,,,,,,,0.1844001298869167,,0.9745122977800826,0.527570062541063,0.3172139659989176,,,,,,,0.496900289615625,,,,,0.497465417545333,0.5403217880369916,,0.4271174141535225,0.4167187059359855,0.4733634445396406,0.8312526091822894,0.4729129403048577,0.4382059803340956,0.3460005672540434,0.4167561371618112,0.2792154114458782,0.6493315469823122,0.5372860835280291,0.1107758251494066,0.6390045831127629,0.6724456832153988,0.1846101838712553,0.1077248186743007,0.3334437827130236,0.923539676663513,0.6139318726781361,0.292570315637793,0.912241705512325,0.9977301266930044,0.2857822728858449,0.1299541571686929,0.058660159354465,0.238474793019033,0.6278081036185936,0.5204879455080575,0.7539770774760113,0.0876056777753702,0.0864472360992532,0.5976262125662971,0.6248272533236493,0.2300373078163777
33,141,tor_switch,t0,,0.5309702977923659,,,0.3492112890864918,,0.0165229424627725,,0.7002603802348231,,0.1365268594611842,,,,,0.623135338575747,,,0.9709332370767568,,,,,0.5305088200477688,,,0.2739356221234236,,,0.3223109471186154,0.5879142418388718,,,0.6791528142252544,0.7211877489568376,0.7270041365786275,0.4179648461712529,,0.4054400183963754,,0.6981692665543602,0.7237638914866368,,0.4006191714585704,0.2330700862407435,,,0.8405248885564212,0.0305792932377303,,,0.8436827026552938,,,0.4447010052569161,,,,,0.3953122854308464,0.6964612168994765,,,,,0.589014167381832,0.092201729257799,0.0921438083653752,0.7595519652334292,,,,,0.2888823425638421,,0.9415619516876288,,,,,0.3319816201075155,0.3825487701464173,,,0.1027131095017527,0.0739586348978494,0.7870830508695265,,,,,0.8569752666918256,,0.2855225458374973,,0.3777520548538819,0.5206046638708793,0.5971886005378932,0.8128338041385759,,0.1802419906154655,,0.0042015299466272,,0.8438241794370117,,,,,0.133235199068773,0.4900294933141995,,,0.4844964388183714,0.3810292429130026,,0.4005553418009411,,0.5489520805818383,,,0.858487212315949,,,,,,0.1774985719470913,,,,,,,,,,,0.7927431522874981,,0.2398273667921865,0.6154168335685342,0.6413592014552675,,,,,,,0.2404632260662672,,,,,0.0491471228647472,0.5134653495288759,,0.7609102803012349,0.6552648320880913,0.4893986072974196,0.6482305635692079,0.390109244335987,0.3657090862725436,0.6099786828023028,0.0812488710373673,0.1738347986396533,0.6407095896662532,0.1850518692381453,0.9172457787489592,0.5328869609062873,0.942804839578006,0.3218543721098087,0.0271496459591334,0.99502224584231,0.0408282721671412,0.98753463569931,0.9749863401648048,0.2290301018870327,0.8958414648032004,0.0341257389993039,0.5474128332071437,0.2569738292014933,0.8155640874717468,0.0807386071386997,0.4264531249799963,0.5144376912658378,0.8812354941931908,0.0525485603188738,0.2478834637924528,0.4234921989622753,0.2988066698277152
34,141,tor_switch,t0,,0.1692172500303019,,,0.9293480744439137,,0.5146171175767614,,0.6704211499033115,,0.8426184405586299,,,,,0.9344962601257764,,,0.2280583278729597,,,,,0.2196498974740349,,,0.4664075509102515,,,0.6173764682731431,0.3257751395011224,,,0.3849896336075051,0.2020141439979972,0.1310666044101908,0.4852209147297488,,0.9483454347309792,,0.630696131410943,0.3162308905537919,,0.6691943863757329,0.9690370007686157,,,0.5197065360868994,0.3640585597932301,,,0.4936251484763538,,,0.7695154089514801,,,,,0.8046194399434743,0.1142187657753884,,,,,0.2096428264578884,0.2359949263234533,0.4686586935479381,0.3805547552836534,,,,,0.246499444767121,,0.4811588717286812,,,,,0.5860830257009167,0.3078605473814019,,,0.9295049950888168,0.8581739449694183,0.2812251656406414,,,,,0.3926403584999677,,0.5455954601952905,,0.4487183753412819,0.0794177179065521,0.3349515260229311,0.7346979125702797,,0.8193830203678342,,0.929189420127542,,0.7112380929920363,,,,,0.725279389332074,0.9721508397791492,,,0.8305334667764697,0.6635072848045085,,0.6401067565796023,,0.5918433807897285,,,0.8838876019166575,,,,,,0.2811677059195412,,,,,,,,,,,0.0714281044688583,,0.0962296692437998,0.288169320813072,0.9570508550525688,,,,,,,0.0527061827313185,,,,,0.048577981899762,0.9662611911206928,,0.7528283850274649,0.9969512195103448,0.2172467001860457,0.5553138291941129,0.7972330723869515,0.805037461358904,0.3657975777923504,0.955706935750303,0.2290080322491415,0.6441671617164393,0.2936227408189696,0.9377512413330612,0.7530325440385595,0.8028708812255233,0.1302669522262917,0.6037378755166514,0.1110421300290755,0.9388216616088774,0.790000320560061,0.3864114048907854,0.1050319385258836,0.0709823331738526,0.8684260118481134,0.8650655819574752,0.3245176631689189,0.0929655197467199,0.7473096292531128,0.0435388001072517,0.6970129643174644,0.2182354760974765,0.1645772114434992,0.8691090580335211,0.6974481774560279,0.0292991720086656
35,169,tor_switch,t0,,0.4322856050107002,,,0.5819683979257718,,0.0395848018502724,,0.1321302390174458,,0.8378568712865276,,,,,0.59964059752451,,,0.0700076933235378,,,,,0.8336793249910647,,,0.3003433402371246,,,0.8315955755859382,0.4403648136128176,,,0.7828531438661018,0.2537011205501078,0.9028995979622492,0.3711944255439355,,0.1534565975366151,,0.6148808823608441,0.564862649287652,,0.3602450465696454,0.5586781348543572,,,0.5417047224687124,0.5639434575982324,,,0.4367647148581619,,,0.8417366045511013,,,,,0.9136619840110668,0.667914471398779,,,,,0.1330683058359635,0.1712528039451949,0.232767420033119,0.2375268256187682,,,,,0.5113469465195524,,0.9905749642098112,,,,,0.960681201045739,0.8468113058628706,,,0.2468913361580994,0.6282943624334121,0.7721054354459176,,,,,0.843038598018774,,0.342481022616996,,0.5895285497010181,0.5426997155466571,0.6377647193410614,0.9156059343927104,,0.1615988576474699,,0.1590386146253347,,0.1037369936796738,,,,,0.0032627633204816,0.4973421840460862,,,0.2250384925715477,0.328706967456724,,0.4656548832197504,,0.382124801677739,,,0.6083511139608814,,,,,,0.1687686810873629,,,,,,,,,,,0.3824857419411921,,0.4715485582709598,0.5909541621245227,0.3013890947855824,,,,,,,0.8171032893364156,,,,,0.1017298047828507,0.2731022214431924,,0.5515606513727493,0.1823850422760355,0.4169477304215102,0.2501010762578354,0.5822356892667948,0.7928335588624524,0.3174937382444677,0.4488703474899629,0.3290302307831833,0.3790782018051133,0.6859999672956194,0.9071633783065634,0.2774094324811392,0.0097795080339688,0.8947572654716077,0.7075482519645642,0.9892741975342472,0.8540999136731535,0.1410928039639218,0.2217422949762471,0.1795700443546338,0.1409075975692161,0.2104141548004662,0.0496322704770285,0.4497344024807514,0.7839343188983939,0.8647192454274191,0.6962326912320757,0.8343550872682514,0.8773153048489964,0.4928234787134428,0.1447964077883282,0.6681297832670977,0.6858856234714658
36,169,tor_switch,t0,,0.5965554581889599,,,0.2948420873103178,,0.6195317845758347,,0.1852417846866064,,0.126354006892593,,,,,0.8236310979469099,,,0.7225254038862451,,,,,0.5665146590741758,,,0.2714870694863283,,,0.7994955219640874,0.4466995765333993,,,0.4748699144426761,0.2211048475270848,0.9571188043940174,0.7746688863816575,,0.2850357008657707,,0.5771418283629517,0.0862392847994913,,0.6534136887005096,0.0623945258776597,,,0.0814503372536015,0.0626351042703667,,,0.5568694836127565,,,0.5234953657552408,,,,,0.2877987381931464,0.1071294780192141,,,,,0.8057020124526713,0.3425028881866763,0.503393031279423,0.562451556473132,,,,,0.7575330278461198,,0.9789173670386748,,,,,0.2111851971994482,0.1911359353606015,,,0.8311416151201194,0.7658137998592723,0.1288427895481546,,,,,0.1102957093539257,,0.5494494800762613,,0.5914824150055833,0.6787541050077768,0.4909753798119247,0.885279007170138,,0.9369771875105584,,0.9241778978389606,,0.0521165966668274,,,,,0.2531049371098636,0.9437288737607348,,,0.2319155230039451,0.3079425534660214,,0.7640156720785375,,0.4413349213693711,,,0.8095072176370921,,,,,,0.1269276825794874,,,,,,,,,,,0.5827975182160072,,0.7886928274224612,0.9013936131651376,0.7821734454070365,,,,,,,0.685635134945641,,,,,0.9883943212034848,0.2047618819324568,,0.3433248119458616,0.0683016290607939,0.295000989575525,0.7628230996657955,0.3360211040010554,0.6948624628664347,0.5391173645905358,0.9189910293617298,0.238620424990039,0.4514147708318865,0.6109509108060412,0.9902568831504605,0.4233423865681721,0.9385405709440215,0.7238792376755238,0.5596232214881918,0.251897036850417,0.269382452119057,0.2853144304901278,0.2448328229198174,0.2103846923443978,0.5365577081670161,0.8710208859022226,0.0888817672943618,0.6248564849031532,0.8825280945090866,0.3020393322975464,0.4038480880771234,0.9379665452658804,0.1687133655113162,0.6000399585864865,0.1536771448937852,0.4153533597513479,0.3313653763354204
