,IncidentId,EntityType,Tier,InterfaceDownDuration_mv,CpuSyslogErrors_pers_1h,SystemUsageHigh_mv,ServerTorPktDiscards_pers_1h,IBBandwidthSpeedMode_mv,NtpError_mv,HighInterfaceUtilT3WAN_mv,FIBErrors_pers_1h,DupStaticIP_mv,FIBErrors_mv,SSHReachability_pers_1h,LinkStatus_mv,SONiCSNMPHighCPU_mv,BGPHoldTimer_mv,NGSvsLLDPt1t0_mv,ProcessShutdown_mv,GraphMissingMgmt_mv,HardwareErrorsSev2_pers_1h,MaxprefixThr_mv,HardwareErrors_mv,BGPDown_pers_1h,Hw3Drop_pers_1h,ServerTorInterfaceFlaps_mv,DuplicateIP_mv,PhynetFCSErrors_mv,OSPFDown_pers_1h,MemErrors_mv,DeviceDataPlaneDownBGP_mv,TooManyT2sDown_pers_1h,PfcPauseFrames_pers_1h,IBBandwidthSpeedMode_pers_1h,NetscanPayloadPaths_mv,PortExhaustion_pers_1h,ServerTorFCSErrors_mv,NGSvsMSAssetSN_pers_1h,IfOperStatus_mv,NetscanLinksMultiple_pers_1h,BGPHoldTimer_pers_1h,defaultMTUSize_pers_1h,NGSvsLLDPWAN_mv,DiskFailures_pers_1h,NGSvsLLDPWAN_pers_1h,JuniperSSGStateChange_mv,PhynetInterfaceErrorsCountThreshold_pers_1h,BgpDelay_pers_1h,NetscanPktLoss_mv,PowerSupplyRedundancy_mv,NoGoldConfig_mv,PfcPauseFrames_mv,PowerSupplyDown_mv,TacacsUnreachable_pers_1h,IBLinkErrorRecovery_mv,BadOSVersion_pers_1h,FabricDegraded_pers_1h,NoGoldConfig_pers_1h,Tier1TrafficOutlier_mv,MaxprefixThr_pers_1h,TeamdExpired_mv,DefaultRouteMismatch_pers_1h,IBUFMTimeDifference_mv,DeviceDataPlaneDownBGP_pers_1h,MgmtInterfaceFlaps_mv,DuplicateSerialNumber_pers_1h,HSRPStateChange_mv,LPMUtilization_mv,NGSvsLLDPt1t0_pers_1h,SONiCErrors_pers_1h,SnmpVoltage_mv,SNMPHighMemory_pers_1h,CpvBackup_mv,PhynetFCSErrors_pers_1h,TCAMAboveThr_pers_1h,Tier1TrafficOutlier_pers_1h,DuplicateSerialNumber_mv,NtpError_pers_1h,ServerTorInterfaceErrorsPercentageThreshold_pers_1h,defaultMTUSize_mv,LdpDown_pers_1h,TempSNMP_pers_1h,ServerTorInterfaceErrorsCountThreshold_pers_1h,IBLinkDown_pers_1h,DupDeviceName_mv,NonProdWithProdTraffic_pers_1h,ExEraseExecutions_mv,SyslogOutliers_mv,NetscanPayloadPaths_pers_1h,NoSysLog_pers_1h,NetscanPktLoss_pers_1h,NetscanPayloadAlertPaths_mv,DupManagementIP_pers_1h,QCHardwareDrops_mv,Hw3Drop_mv,IfOperStatus_pers_1h,GraphMissingSerialConsole_pers_1h,TCAMAboveThr_mv,NetscanPayloadAlertPodSetPaths_pers_1h,TempSNMP_mv,MultipleReboot_pers_1h,ExceessiveSyslogs_mv,PingmeshPktLoss_pers_1h,IBCongestedBandwidth_mv,IBCongestedBandwidth_pers_1h,NetscanBadDevice_mv,NGSDuplicateStaticIP_pers_1h,ServerPingmeshPktLoss_pers_1h,LinkStatus_pers_1h,GraphMissingSerialConsole_mv,TemperatureErrors_mv,MaxprefixExceeded_pers_1h,TooManyT1sDown_mv,VRRPStateChange_mv,SnmpReachability_mv,IBUFMTimeDifference_pers_1h,SnmpCpu_mv,NetscanPayloadPathsMultiple_mv,TORReboot_mv,OSPFDown_mv,MemErrors_pers_1h
0,223,cluster_switch,t1,0.8112819201673459,0.2772593542226862,0.9811323375451696,0.1823435456770973,0.8560369487901485,0.8029986819296482,0.5496564827189072,0.2058298683765128,0.6588691170004054,0.89941866563222,0.8741285636333638,0.7904671520068365,0.6805455654287377,0.8207042034625539,0.5265427948318052,0.9652586601891652,0.6734666494917281,0.3820901102686639,0.9304920917375148,0.7856874946728987,0.5638027100299816,0.3438384411898942,0.1318551726294087,0.6131819866365054,0.7859963962365489,0.473120467719452,0.4063635425956807,0.5200766224597926,0.9689888045915276,0.7041457205805891,0.4898486924567005,0.921402772354362,0.5437284314044066,0.8296685659006,0.3623322538483818,0.5229678299104458,0.5606769135511632,0.9170645577013044,0.2780332657309071,0.8766480570458426,0.7508948910159272,0.5386531388733361,0.9957095660787942,0.7141447219626085,0.6304052590928328,0.2421055754286153,0.910188750729711,,,,,,,,,,,,,,,,,,,,,,,,,,,,,,,,,,,,,,,,,,,,,,,,,,,,,,,,,,,,,,,,,,,,,,,
1,223,cluster_switch,t0,0.9594520742693642,0.9181599273258934,0.1769665206008028,0.0447285260637665,0.444867680087641,0.7428196581293685,0.3723410083183137,0.2003005322560855,0.7545919364294558,0.9616956627373796,0.7855194523982704,0.7833340647482187,0.4749480415663485,0.8891956501476961,0.7642654760251624,0.0949428331510379,0.3434559853808692,0.3070619936684151,0.8810476607974121,0.6134660467651921,0.3075645697029986,0.8946847615282669,0.4912851468370873,0.9165320229502152,0.6421286427648815,0.1806549794757103,0.6259635858863041,0.7189995583050128,0.1190120371213945,0.5658285818335165,0.3748505694486296,0.1747381452813965,0.5360237777116852,0.7861198003791977,0.2366538516135135,0.4945030716991737,0.9159085368783108,0.3454411306889507,0.9839310096144056,0.4429245422767642,0.6964617316180476,0.3864081179478201,0.3217110345627094,0.9159037982630184,0.789929988224577,0.4749616225222349,0.1742722421448073,,,,,,,,,,,,,,,,,,,,,,,,,,,,,,,,,,,,,,,,,,,,,,,,,,,,,,,,,,,,,,,,,,,,,,,
2,223,cluster_switch,t1,0.8316599959107103,0.5767618802110248,0.3994751626097949,0.8829466943511919,0.7091609292684313,0.1516606969320172,0.4063752853240067,0.5202268967524804,0.9907949799288428,0.5582620910372144,0.9577388422398674,0.155981417619324,0.8929205204460731,0.5189977526945071,0.7065009316408248,0.5127277670307334,0.2263436346878187,0.8968277614174243,0.9257234110459104,0.5157504932167047,0.965642125296998,0.9522929205022987,0.9320544651771652,0.8442611484141394,0.8849279658988085,0.8267216311319159,0.8337162016238031,0.7346099176298003,0.2515222060191073,0.3776092492979365,0.700681582733514,0.0770812101355744,0.9330189317659208,0.8329730804203175,0.337141847778395,0.0928053108900325,0.9095232840189028,0.8648078292006343,0.9114920824573274,0.8807051968254127,0.8334428935617897,0.4119543469814938,0.789404321455374,0.2638165083946813,0.6353330404617967,0.6878406299133948,0.2485909463705835,,,,,,,,,,,,,,,,,,,,,,,,,,,,,,,,,,,,,,,,,,,,,,,,,,,,,,,,,,,,,,,,,,,,,,,
3,237,cluster_switch,t0,0.798453079359957,0.8552821414182267,0.2084163703598053,0.5579158002612662,0.5398498904725222,0.8392564937739094,0.9100889290021312,0.7590131307974604,0.9669655027107537,0.4373418548317721,0.0941104190320167,0.5369888763520673,0.8452798821833877,0.22122745906083,0.3593348749049501,0.5886926700417402,0.7965436466537488,0.4868227064225392,0.2955799093529214,0.6156516365092799,0.4827427700510277,0.0394947224672505,0.8179241432827961,0.465548199986783,0.5690850955283552,0.0178047876078817,0.9932901744923224,0.4164095521265851,0.7959462313642176,0.8501122701287418,0.6339386243637435,0.9190985730096168,0.3229250824012571,0.0791247148798375,0.7391003718222697,0.5126714380723362,0.4947754334918195,0.2919160527115788,0.4658035864717095,0.3830892718974311,0.3542773527986911,0.9889526440085292,0.678529391506609,0.3763413358676457,0.6522252475080916,0.8433094883511068,0.5098912594786266,,,,,,,,,,,,,,,,,,,,,,,,,,,,,,,,,,,,,,,,,,,,,,,,,,,,,,,,,,,,,,,,,,,,,,,
4,237,cluster_switch,t0,0.9150780569172232,0.8533454137071534,0.7108367705940322,0.6551473610525257,0.8415056344050614,0.8364313434448788,0.8027095949859748,0.6020679400342832,0.5166575160593957,0.82251452654867,0.9994798004993865,0.6285344068382133,0.708718415324572,0.504392729953744,0.9005203004696402,0.7964234576261462,0.7411254833342256,0.6059933098452519,0.3118226563887478,0.8985006882164496,0.2722372141224961,0.9512674827041716,0.2965258094993217,0.6952427241943768,0.1686511674806703,0.5098259614173802,0.9510518492522771,0.637143332149449,0.2976675322422789,0.8386854587243794,0.4919765592303543,0.5144955279281112,0.7554130746146701,0.6542780222337569,0.9698584044044488,0.4998512785958854,0.1764504916735385,0.1811012116739909,0.666029156691927,0.3328837127144433,0.7330304075020011,0.9143086745613956,0.1823337040616837,0.9603326967912592,0.1863538523103095,0.3861763030700479,0.2167846472861779,,,,,,,,,,,,,,,,,,,,,,,,,,,,,,,,,,,,,,,,,,,,,,,,,,,,,,,,,,,,,,,,,,,,,,,
5,155,cluster_switch,t0,0.4057950051856008,0.7490116484003873,0.8114489063187473,0.9870556144402876,0.2194682113990185,0.7252616195289889,0.694512862970972,0.9384129854775194,0.0712718665140699,0.6646193530435704,0.5764619967062653,0.662692649163847,0.2179719321524678,0.4704742576417487,0.4440518025626948,0.8878928397598544,0.611486276424172,0.3952412458977481,0.9232001665508264,0.3191991705825688,0.5650785740210006,0.8573052177640489,0.9213414914971916,0.652173263557661,0.9191945567204836,0.6574344418409803,0.9427009091467752,0.3557679238566479,0.9166417410571396,0.0770627221186671,0.8679402155539152,0.4595241797051635,0.640227544836939,0.3230103929657978,0.3953563912001655,0.3534946141330632,0.6977937053194835,0.4536925612001664,0.9105565163501272,0.5066154022639581,0.3030562710998952,0.903246623565568,0.2955966821340103,0.0021316126306611,0.1202154273877548,0.6608624709358768,0.7320743862797938,,,,,,,,,,,,,,,,,,,,,,,,,,,,,,,,,,,,,,,,,,,,,,,,,,,,,,,,,,,,,,,,,,,,,,,
6,155,cluster_switch,t1,0.6685564612165477,0.5431935707333195,0.46180607669501,0.9085257603205612,0.8307847301976315,0.2615665484522781,0.6289043282433024,0.6965742816997721,0.9774403530948508,0.2470205701822204,0.418120461868415,0.3135818899512459,0.5305764890332836,0.5010404983902201,0.6945695347679463,0.549006149525262,0.4461930029117137,0.9766424609476128,0.4404370602157162,0.5511179505318962,0.7925510042487608,0.2554594054088532,0.7284441660550268,0.4056790797877443,0.9144943828744264,0.9316076443538698,0.1744672768131062,0.7150502386951021,0.4996635744365724,0.4437261103621913,0.961714749942031,0.7221959916962529,0.3131505602784027,0.9505043376003576,0.7348237195094399,0.7542974155223889,0.9372138113119036,0.8898724804319367,0.5264490407650255,0.545709717326385,0.915873829442583,0.184388046697759,0.3351603508616491,0.6299742312283536,0.5709008283320615,0.3288685459476063,0.8912742449535187,,,,,,,,,,,,,,,,,,,,,,,,,,,,,,,,,,,,,,,,,,,,,,,,,,,,,,,,,,,,,,,,,,,,,,,
7,141,cluster_switch,t1,0.5247650094492584,0.6272725142562477,0.8144907082561664,0.6082591828430367,0.8959070969171151,0.8049807796648918,0.0205263750200462,0.2730052082731149,0.9626925676807612,0.825464903085916,0.145705146338645,0.9315483205853724,0.8770307126845429,0.875243537625153,0.0583954464726319,0.7454782600688514,0.5229967523799519,0.7897305834157827,0.3590830833132178,0.0677284443007307,0.6398511014289111,0.7904194371596819,0.3495963012399213,0.0423365875566497,0.6220385347583769,0.8618230564574806,0.2159821919277019,0.5528861056339646,0.7071888146067471,0.1408053013658894,0.7827109544190353,0.8912838371957066,0.0723255181982419,0.7841451612125501,0.2806555565688625,0.9647652218874496,0.162711150723406,0.8085018553715654,0.4770759579456142,0.6562328391077232,0.3319438076913669,0.6266476015562849,0.9861338203805312,0.7504436653175732,0.2703664692431096,0.8757647438201844,0.6282277462859627,,,,,,,,,,,,,,,,,,,,,,,,,,,,,,,,,,,,,,,,,,,,,,,,,,,,,,,,,,,,,,,,,,,,,,,
8,141,cluster_switch,t0,0.6046654712774664,0.7499495730865989,0.7588615812831317,0.6944005996053534,0.397337543957027,0.6102266650788993,0.7683498412205386,0.9952288285105771,0.726480599138662,0.1808795804071354,0.7499589516479839,0.9216345411300736,0.6598239092314858,0.1071857266970213,0.6193132590191796,0.0385151028587266,0.7804951609242882,0.9815830972046246,0.3922801828805434,0.8284131548789517,0.9950818168056192,0.7768653830194578,0.6191617813483355,0.6157629131033785,0.5592478506168277,0.8803236456437726,0.259998415626382,0.8760883759214649,0.8064834995533665,0.6875983554172462,0.4042792880613118,0.5496417022791737,0.4912072091009133,0.257228863083908,0.6609087742654834,0.4497837703696971,0.5199154562131081,0.9163491558953284,0.747471058202206,0.3783050320919341,0.5616269408567396,0.3532194165219905,0.5879340362952117,0.2432549293730084,0.3765031956613831,0.606715752664218,0.4426072256791045,,,,,,,,,,,,,,,,,,,,,,,,,,,,,,,,,,,,,,,,,,,,,,,,,,,,,,,,,,,,,,,,,,,,,,,
9,169,cluster_switch,t1,0.3151276021701528,0.7342489362390343,0.8434319727869334,0.8666712325186712,0.7123603621010587,0.4122535915765812,0.8225180878477455,0.879957169478182,0.0708299521229153,0.7662931199580697,0.7066429180013136,0.2896697515061291,0.7504797096893929,0.8993603349659514,0.6499460296730971,0.6288101121974686,0.9547025031664828,0.2298926042224013,0.5418730151830167,0.4414013172202654,0.8526197755244258,0.2102214609056374,0.7479350374124967,0.2385861304965999,0.0209805528157914,0.510421183177637,0.3004403056778304,0.3940867518944955,0.8393872930114143,0.8936104203971491,0.3995965752602797,0.4800401249786484,0.7116658644895254,0.6207856173205494,0.983817128048699,0.904191974747662,0.5472713908979426,0.8603257068761747,0.001055876199479,0.8695421727615344,0.7784320888051355,0.228916281966115,0.4385121265179936,0.9659207714900188,0.8186504436337816,0.7590733143914719,0.7596846564179084,,,,,,,,,,,,,,,,,,,,,,,,,,,,,,,,,,,,,,,,,,,,,,,,,,,,,,,,,,,,,,,,,,,,,,,
10,169,cluster_switch,t0,0.9920337195117116,0.7078448602125926,0.9499386538672756,0.6467094345875872,0.798660298507149,0.9909144451117384,0.996413204950422,0.7029336796169575,0.0698309333660511,0.6698501971888724,0.6975074038977893,0.6426301176719084,0.3067322268704101,0.928624288756212,0.7799430716654905,0.8251683033155,0.7297189045334143,0.7407581217765831,0.9677644981228344,0.9689383675880964,0.140239714396778,0.6620120177753047,0.7881232389815941,0.7821636382202624,0.833146238485879,0.6812328964187205,0.5213608184823255,0.4894209690937744,0.3079155502350026,0.9235726811794484,0.4798232147004718,0.3314961119545783,0.7886918215948512,0.6132047788327325,0.4840398746845794,0.9614335102023164,0.0420403160541047,0.0420669508647524,0.6629169332015162,0.0467372837068177,0.1606626405875333,0.7818020577797169,0.1578757820716043,0.7541057439720686,0.8045031063373405,0.123317874716436,0.6919023796420942,,,,,,,,,,,,,,,,,,,,,,,,,,,,,,,,,,,,,,,,,,,,,,,,,,,,,,,,,,,,,,,,,,,,,,,
11,169,cluster_switch,t0,0.9096824524491748,0.8330090449399158,0.9822764183152172,0.9250271790581874,0.63362956902091,0.7179091244323987,0.9143289378868168,0.981015065239815,0.7038056888777743,0.4442982292414182,0.4706324364089456,0.8488779204525021,0.4284526478982704,0.62437281142201,0.8670931408663739,0.6885785442957079,0.4629771121585437,0.4390590293256318,0.2490376541835997,0.7069693767687476,0.5974078061538436,0.491725656715583,0.3195670539374644,0.964018096767522,0.2336072311406998,0.6332825687289155,0.9317654559562464,0.7123925973199886,0.5546556784458743,0.6187779573718076,0.4960276370223513,0.970099641161288,0.9915712409111012,0.2738517304955437,0.8617629105479974,0.4733706664037725,0.9479720443160792,0.3148688344778813,0.2592802464008463,0.9527461646272116,0.3893439132532361,0.4316072685907818,0.9776081077364714,0.1360100264795959,0.8787608207563344,0.6841533094240957,0.4917348376811162,,,,,,,,,,,,,,,,,,,,,,,,,,,,,,,,,,,,,,,,,,,,,,,,,,,,,,,,,,,,,,,,,,,,,,,
12,223,switch,t0,,,,0.9153367693340608,,,,,,,,,,,,,,0.6807922917125502,,,,,,,,,,0.653219359731117,0.8007571055887047,,,,,,0.4018624343654252,,,,,0.8223336838478997,,,,,,,0.6191071732085749,0.2465873317137749,0.8452635262480166,0.8440393404121677,0.8569077256633756,0.1364494557249601,0.9332232160811956,0.3163486270479534,0.7231521198132008,0.3629027439398233,0.9729934614355654,0.7578188106420344,0.306115012838615,0.5716090912166122,0.2450762577636447,0.8538179464968362,0.7670224702007519,0.6662831266286805,0.2791164247165111,0.6974547623979362,0.9934078026337482,0.898784970208554,0.6647129062546898,0.8699498962921549,0.5234425524460742,0.8527455120096349,0.2524080174230162,0.2459748032277369,0.0808074492139594,0.5311163613063158,0.5635710788512402,0.9528218413237156,0.9948463088878688,0.2887972397862905,0.6079917441177899,0.5692400758788918,0.9021106718112852,0.8475666810685838,0.691774074351756,0.6374124945638299,0.1839515150711927,,,,,,,,,,,,,,,,,,,,,,,,,,,,,,,
13,223,switch,t1,,,,0.587722554244749,,,,,,,,,,,,,,0.3672553477107811,,,,,,,,,,0.884885303120859,0.7717516323266034,,,,,,0.9045689160256716,,,,,0.3616613785738345,,,,,,,0.6222642032124619,0.7786528009081966,0.1976200978820067,0.7576744109562088,0.9579470480623914,0.4770674621916086,0.9249025810564028,0.9386796859488225,0.8356088180377192,0.7392075840015319,0.7966186555112647,0.234059670287851,0.793560815407675,0.7549605932719003,0.3156588038911611,0.9155325157965704,0.2667173137597932,0.6977591454496875,0.74592379026955,0.2472536624975453,0.9538990566809068,0.2305596721674748,0.6623117535279582,0.8857520770191414,0.3870727325924056,0.7238941956296711,0.1343384698083599,0.4694154417626177,0.5972842863550364,0.8820673036989666,0.1712739565518307,0.5802049602477015,0.9398418698894376,0.2447106093863293,0.5536067520489003,0.913658265264685,0.8690777468636218,0.9017370579842504,0.0998437937702182,0.6737079779423206,0.3964757717639574,,,,,,,,,,,,,,,,,,,,,,,,,,,,,,,
14,223,switch,t1,,,,0.042465068425146,,,,,,,,,,,,,,0.8051983211620101,,,,,,,,,,0.8415604525929092,0.6753862531922497,,,,,,0.3198656333533867,,,,,0.6933745863617471,,,,,,,0.4174248475316059,0.6985424326751175,0.0675913167911439,0.4105109062949484,0.2400398755504783,0.5585377336895029,0.6977572836829068,0.773309031146642,0.547857676051092,0.8553150573792474,0.7790588859741382,0.6740296612052661,0.6683090050848816,0.8579987393543748,0.565870690231972,0.416727237215112,0.694273924377729,0.5164726602156746,0.4947628914018939,0.7672339570223347,0.3767975022553739,0.8651836583157052,0.3874554102932621,0.136153083440712,0.341716714536202,0.6225301188035978,0.9733288038197806,0.0636474897347092,0.8954166189124068,0.4971725884304848,0.778222140512355,0.5417562940864578,0.1426317650319913,0.8242883136923574,0.0809964695716555,0.293457317777388,0.4522458811982756,0.9698541074069702,0.639309342170282,0.1379161618255688,0.5161071153901631,,,,,,,,,,,,,,,,,,,,,,,,,,,,,,,
15,237,switch,t0,,,,0.8540846356349816,,,,,,,,,,,,,,0.70335479380664,,,,,,,,,,0.7274462904936622,0.8163433638875636,,,,,,0.8889478605893933,,,,,0.8225008939442136,,,,,,,0.6341471293505899,0.9202991241089556,0.973363462629796,0.7587771852994631,0.7037180072744962,0.9580426760933798,0.3796795381979031,0.9628098307507528,0.9436751369517604,0.7242736713465967,0.3695702414176581,0.5186590586849753,0.6438942553707745,0.141066436876207,0.9464666572354036,0.6741048411601073,0.7384158675366833,0.8999275776678587,0.3871411738408661,0.9179429397442436,0.0533993780668722,0.4429971739843832,0.8930801881417857,0.9436743880733732,0.5489004969335922,0.1228310042743954,0.8322879956931952,0.9750760714409212,0.6365081747927616,0.1840840468869862,0.1611743207402256,0.2752573626803093,0.5935231300999464,0.7411354431284852,0.7831841966952453,0.3049880496240339,0.3791296789923299,0.620711705001391,0.7206083572177456,0.1525112271044078,0.4634113653975696,,,,,,,,,,,,,,,,,,,,,,,,,,,,,,,
16,237,switch,t1,,,,0.9594696995117268,,,,,,,,,,,,,,0.0924890578886753,,,,,,,,,,0.1313840863100317,0.5138741982419035,,,,,,0.6247260317468705,,,,,0.5443552728125967,,,,,,,0.0391386333432099,0.8433349393914837,0.8729069805199313,0.3991528244042778,0.7217545450155672,0.8641550545017279,0.8080257117290834,0.1126987867777652,0.5331304812844078,0.9807891164719678,0.3562120628300482,0.9425691517222896,0.9224402454403122,0.9771162960430332,0.352147378161383,0.814900145091039,0.7726532115865387,0.834193173327022,0.7523124190007422,0.4821692265203678,0.1499545710112234,0.0265173521193664,0.5563101678041406,0.7765245495495082,0.8443028202416795,0.7163553068936325,0.7462275214956816,0.9311819633598988,0.758695227728694,0.0370071254693397,0.9316073928781882,0.9337164795889988,0.969637721617786,0.9342389838467822,0.529972057656194,0.7469290257616418,0.0391172869312062,0.8486521852141998,0.5080173477755802,0.7833618746848917,0.1959000834710684,,,,,,,,,,,,,,,,,,,,,,,,,,,,,,,
17,237,switch,t0,,,,0.9890934898775716,,,,,,,,,,,,,,0.5795053765388198,,,,,,,,,,0.4132993927602093,0.7520294679127913,,,,,,0.7541311761811849,,,,,0.762618508530441,,,,,,,0.6689435550871426,0.7242208096894752,0.9498379109670836,0.7996151628176104,0.4276923551672835,0.1371776235826319,0.7872086904802774,0.599672047845516,0.3931759108073507,0.6767695544021444,0.77434103493677,0.6481617151219592,0.5861235565614666,0.229142614607763,0.2461072757574067,0.5340654827145662,0.97960611664452,0.5479968479925489,0.3578778120092442,0.8994757608281181,0.3839596144260959,0.8032990387790762,0.6912825417953509,0.6980960334372308,0.9040540101936616,0.2240057401140377,0.7976390645414421,0.8378680042062525,0.9879423926592078,0.8277640283037192,0.6553853406315885,0.3715103005713482,0.7077027128560447,0.7057374781206309,0.9393970775714324,0.8549710838325276,0.8996449460846097,0.4115319772548329,0.9803199885021768,0.5424316700147459,0.9038535534406203,,,,,,,,,,,,,,,,,,,,,,,,,,,,,,,
18,237,switch,t2,,,,0.0420586691499028,,,,,,,,,,,,,,0.5351580352793471,,,,,,,,,,0.3781742620101709,0.447544887585813,,,,,,0.5008918513920785,,,,,0.9649112047285052,,,,,,,0.9330132464957404,0.9041630656737908,0.4819969007349667,0.0280945026120056,0.6770624552658514,0.8692311846394489,0.8118875752824347,0.5449111185443235,0.6138361984115146,0.5334442130316008,0.6591757509608014,0.8959451890794076,0.9369108614269378,0.9479787411406214,0.7964210197394621,0.6318969757550466,0.2459417383415204,0.5491719995945022,0.8120598332664176,0.6737884448317131,0.8254500775738091,0.9887422858141396,0.7994407651347083,0.4997932773884638,0.8695513762095736,0.8382640994384414,0.7083595927846541,0.2888603929531315,0.8003280208262679,0.8033426639768059,0.8154928332939433,0.608999675212692,0.5915524224609503,0.1462782811341364,0.7362531770275276,0.2347681463896909,0.8145048775295597,0.2313093415664409,0.9512865929034644,0.4692702434053012,0.9255262543817144,,,,,,,,,,,,,,,,,,,,,,,,,,,,,,,
19,155,switch,t0,,,,0.5179320866718674,,,,,,,,,,,,,,0.614931194097889,,,,,,,,,,0.7182840020922983,0.8232110260153164,,,,,,0.0501818367107945,,,,,0.4377319942473614,,,,,,,0.8793142705536579,0.9919187497851096,0.7384094978058448,0.6928289021314981,0.7270644539367814,0.8575384842344025,0.1397996354687906,0.2862138044666663,0.8376729521543929,0.6520861802517476,0.3744364041525923,0.2655193267521731,0.728247089310838,0.6951325657311966,0.9697245788324228,0.2740406676899942,0.915824877228712,0.601036182368683,0.9621170681327268,0.5173372758645899,0.3636590792359743,0.6668036910283291,0.6460605931677715,0.0396335992702532,0.7484030315744936,0.6444312968467293,0.6599614158400201,0.6200267541111234,0.9509007079735234,0.6793354676080336,0.3271596671231045,0.9531495407963192,0.5519462656386143,0.4725362685654525,0.2074660757969437,0.3196965264887936,0.4163946427319924,0.4076503402315898,0.0682920832509893,0.803453653520916,0.5745026563456578,,,,,,,,,,,,,,,,,,,,,,,,,,,,,,,
20,155,switch,t2,,,,0.9038080870091167,,,,,,,,,,,,,,0.773400554430911,,,,,,,,,,0.9988010322143814,0.4818235808497191,,,,,,0.557258125795972,,,,,0.7269334460531434,,,,,,,0.6574016894125108,0.9096439147117024,0.7930664375237891,0.98022976689487,0.3643694637692061,0.5590954594265363,0.1512068742115226,0.64997931233652,0.4616040713243069,0.5541561517949366,0.030109816345154,0.4123222124695016,0.2544646250422921,0.0263105955234441,0.8985947841801764,0.3114407315391851,0.8435519710407637,0.6519452985184753,0.544749221450804,0.4662626104365395,0.7734072541738172,0.7544572055539931,0.02622664669297,0.299286484526115,0.9134260772204186,0.6408788291644961,0.5933830938820499,0.9294765276059642,0.0561618608796959,0.9760251229000376,0.6187231298976206,0.2922346899438275,0.9073561394354382,0.3927946145316143,0.1330988522151319,0.9621919520208148,0.6383584446269397,0.3925652789614361,0.417161820665656,0.8076348223573897,0.7696344718324243,,,,,,,,,,,,,,,,,,,,,,,,,,,,,,,
21,155,switch,t0,,,,0.1248609456830214,,,,,,,,,,,,,,0.9820602068682008,,,,,,,,,,0.7111049103726887,0.735659203986638,,,,,,0.3359032391985997,,,,,0.9667156385772464,,,,,,,0.8641309778425015,0.0719565712669215,0.8553136108420212,0.9090360569873024,0.5650815611965181,0.8971196247262025,0.9736287473183614,0.8155207183572085,0.2150062490805059,0.7869865668464087,0.9848958768992968,0.9342340411995138,0.5431179422371312,0.8523475961390087,0.7763611121839433,0.6017728623461598,0.3768827975538953,0.090492135340445,0.2313099728702304,0.5882998036071486,0.943397468853234,0.2788093174718568,0.674422460781457,0.8250466335344289,0.344246331187729,0.8468745794694005,0.5243101794296843,0.1985147017167502,0.9354034790196006,0.7218343079390273,0.7652351176578057,0.7800121282642322,0.2805958425690383,0.9240409792592,0.7111002828898562,0.93854456675442,0.9118486544659908,0.7815471109486084,0.7851488514041083,0.5806767725014005,0.9135429487290224,,,,,,,,,,,,,,,,,,,,,,,,,,,,,,,
22,141,switch,t0,,,,0.9675619217624826,,,,,,,,,,,,,,0.5147534747890193,,,,,,,,,,0.4967516563908533,0.0935109063957584,,,,,,0.6478239460154254,,,,,0.4395332793319313,,,,,,,0.9748761211232436,0.6510310805605091,0.9576560462723684,0.993700329098278,0.9025639454137916,0.9606431185104306,0.26685904656247,0.9539348939831004,0.9421594529527894,0.6733939378201574,0.8642609089614679,0.7991055604622698,0.9091276098983766,0.5353397088165216,0.7507612211039468,0.7377914529051898,0.4908131465004051,0.5063297563079011,0.8830799244140299,0.3946154479033121,0.8834311704838361,0.7664590544020791,0.850208735570862,0.6486642637481902,0.6112691146273225,0.3630264062940983,0.8573357592109258,0.851963690260797,0.3228806708180974,0.8384477077392112,0.7141753252336164,0.554953678106013,0.4974391524611588,0.586245415168495,0.9895253945957642,0.1641976053716158,0.3751061577003928,0.0723283765731411,0.7406875979881262,0.3693696001187169,0.5210423894650354,,,,,,,,,,,,,,,,,,,,,,,,,,,,,,,
23,141,switch,t0,,,,0.8162448598685206,,,,,,,,,,,,,,0.4035529618926955,,,,,,,,,,0.6565754880121626,0.6748923826643759,,,,,,0.9595524916699668,,,,,0.0338613479143322,,,,,,,0.1025168474849432,0.9020861008625344,0.5413542672061473,0.5806297789339631,0.9295841907747096,0.792245703618234,0.9478401453731372,0.8261391242012533,0.7277247011878323,0.1101539952904293,0.6473437724200602,0.4903826829034957,0.2938606896999176,0.9134049802230828,0.593298336695098,0.7449487562374407,0.3226052321599878,0.8037244288823217,0.9184557121829016,0.6604320091649213,0.611112328799189,0.5687141744757624,0.5160230859070416,0.7195042168882171,0.1578551987064603,0.5830545019890797,0.1214894984564884,0.7928333001956904,0.1754813672745216,0.1989090379107038,0.6530959495311199,0.3278824294471678,0.0042834120055718,0.844470187811153,0.9177961795468896,0.7613704233612288,0.3760009781425312,0.5094794752818681,0.427847914232581,0.9932007532271178,0.5778470210803179,,,,,,,,,,,,,,,,,,,,,,,,,,,,,,,
24,223,tor_switch,t0,0.5035191926829256,,,,,,,,,0.6480330735638455,,,0.6257833335360814,,,,,,,,0.5418593272323816,0.9099470425589512,,,,,0.6136771686005056,,0.756020941114079,,,,,,,,,,0.7238921286882685,,,,,0.4923207806177937,,,,0.168863350454219,,,,,,,,0.3451416511201003,,,,,,,0.7576900640428262,,,,0.0317419690923209,0.9096246220345552,,,,,,,,,,,,,,0.9879710096287488,,,,,0.7200885553588726,0.8756365688066702,0.6505086177343323,0.9606671663489844,0.8717533844397389,0.6791476101108471,0.3260822269397022,0.9654627220369048,0.8578387680181969,0.93684287450328,0.4271832513314137,0.6619799136133449,0.8987031811090015,0.9120619187889848,0.6230413428136193,0.2522735898143883,0.868653328238039,0.6563598478863897,0.7145651716080623,0.3904493509161575,0.0120500989590226,0.7624646408949514,0.3706955144489492,0.5997249087035968,0.6734315245230732,0.675996932320511,0.1104417029589699,0.3714159531376163,0.3511577208152996,0.4178944714440348,0.8085657446213101,0.7583121046928034
25,223,tor_switch,t0,0.0496331112776174,,,,,,,,,0.8869744458524118,,,0.1729790915060801,,,,,,,,0.9034654453512582,0.4699301197256031,,,,,0.7942802524565248,,0.7363336286632072,,,,,,,,,,0.033741160942787,,,,,0.7019050445040175,,,,0.1516633964573656,,,,,,,,0.620095152038091,,,,,,,0.2741817505282573,,,,0.8284320998556793,0.6151126891669438,,,,,,,,,,,,,,0.5541133816543662,,,,,0.951546225806812,0.983572722871416,0.5839132594705487,0.4673346204066154,0.597732658620534,0.9342145346357636,0.2935335718899177,0.4286396747773777,0.955387573927044,0.398601222850137,0.6522190735335686,0.9270058262571932,0.8642297482566041,0.9876761403549564,0.3821824500118489,0.4603121999621391,0.1799291507460396,0.7766606546165961,0.6824368934480852,0.466209703763786,0.7098308809775044,0.9772533352344492,0.5267753742287703,0.0056707155632147,0.2391638920118974,0.7929917326650965,0.315130788161142,0.519075605120922,0.5974041001662103,0.7218017143851287,0.7467647875938448,0.3493085623581038
26,223,tor_switch,t0,0.7266871392615308,,,,,,,,,0.3772379015445506,,,0.2710345284856732,,,,,,,,0.8189918532990994,0.0802833490219823,,,,,0.1858722107839662,,0.8895347126492283,,,,,,,,,,0.8847907267409761,,,,,0.9083471199029624,,,,0.9144937812416748,,,,,,,,0.5189901907303173,,,,,,,0.4912472115570493,,,,0.5547770255460569,0.3442603601610231,,,,,,,,,,,,,,0.1861349060367583,,,,,0.9056433201190528,0.164457063266488,0.7424774628228525,0.109896591277305,0.9587086131474094,0.2118525417405657,0.6792161105687188,0.4990425654519137,0.1738194365990325,0.976155979563241,0.9320418854386422,0.0679100904147238,0.9242076393065104,0.3454013894573258,0.620779850523774,0.6953083105510866,0.5692758929617798,0.8218501958123496,0.6713211480064534,0.0628847324942116,0.8859153841593571,0.2827564217466962,0.0911591781281473,0.3130719087772565,0.8287396294460672,0.1932899408341417,0.4053071249228435,0.6491197577073297,0.8468651706466889,0.5128586699855981,0.6977613059341913,0.5294054672050907
27,237,tor_switch,t0,0.9306214709294868,,,,,,,,,0.7626585308855849,,,0.9554053161533256,,,,,,,,0.7003488548374716,0.6681633353783953,,,,,0.239702313983753,,0.3939557760494936,,,,,,,,,,0.1755257620225598,,,,,0.949882673800554,,,,0.8627047188303334,,,,,,,,0.8465186408798476,,,,,,,0.7265812082438955,,,,0.0769015368495322,0.7623650193147408,,,,,,,,,,,,,,0.9312229463772131,,,,,0.8357429852828624,0.5043844495337245,0.991095264111607,0.7910557565272978,0.6684279013991895,0.7577091691400036,0.333377655347245,0.9720486992114968,0.4092429249203911,0.563812445684625,0.648037157510967,0.8753584870795551,0.3818133841021839,0.045055068417052,0.7164321256835099,0.9764820274449798,0.6607364678255895,0.7947143330912055,0.4056882312367537,0.5164426442923404,0.0145049992377165,0.9274760017184698,0.3533803131534005,0.8943898715424039,0.556910890722048,0.6913262650392225,0.6248102766386434,0.7521684206760632,0.145739569945653,0.1067892945249935,0.6466961410390079,0.6009675015954241
28,155,tor_switch,t0,0.8052957414903456,,,,,,,,,0.1464716367597763,,,0.7107971127133627,,,,,,,,0.0945802417201777,0.6003596171243859,,,,,0.6298405373612577,,0.7569421437472421,,,,,,,,,,0.943566947853288,,,,,0.3252358782295997,,,,0.6050685419560995,,,,,,,,0.2649356852726521,,,,,,,0.2613948038111932,,,,0.309448564634009,0.9080583620976788,,,,,,,,,,,,,,0.6091504533066119,,,,,0.7330107863251547,0.4565205006728426,0.7292660238927077,0.9226029960365084,0.8568702696136382,0.7801148845437297,0.5280414722612606,0.3761112023197864,0.3163006000013313,0.9198391895413066,0.772500150263534,0.9284839711523256,0.8894320746986311,0.1851347820230798,0.9860669347158636,0.9677032839094732,0.4833940796481939,0.5287464581355859,0.691530884778931,0.774842192031496,0.8100165833781998,0.6016178589896731,0.4860066135574749,0.9927504398171048,0.4927885263265193,0.9838442898362848,0.9784618640108728,0.4575732608143817,0.9877360297545816,0.6681985341515888,0.1399294054163917,0.8343386606854054
29,155,tor_switch,t0,0.3907953922108693,,,,,,,,,0.6692372148605846,,,0.7970244561641447,,,,,,,,0.6778477521900151,0.8386142234804458,,,,,0.9940816266691742,,0.4652887998624415,,,,,,,,,,0.8391387269606178,,,,,0.7688312690024282,,,,0.7083913292233411,,,,,,,,0.8326817537738517,,,,,,,0.5274023205988604,,,,0.8490917768255396,0.710142680940633,,,,,,,,,,,,,,0.4963488568604984,,,,,0.957211196559585,0.8865168832531751,0.714733218319013,0.2332860651341199,0.405689086798578,0.92010903946004,0.5116719554904483,0.2219703534662196,0.959617414368009,0.5208929894395088,0.8439091009791145,0.7667892510161524,0.4871866192686543,0.7750496588666426,0.9017624913807736,0.5027991716027077,0.5957924937576714,0.6798742757857857,0.0819681394119898,0.7676851714806272,0.8900367596202824,0.3410213168572217,0.7541227225181025,0.9546077523180172,0.98933914843521,0.7422214535501181,0.921849634025596,0.9970191849810056,0.932855392078856,0.8893863830860104,0.7185840126163733,0.5803053497236225
30,141,tor_switch,t0,0.0810753994706791,,,,,,,,,0.9628821673654095,,,0.882054090731226,,,,,,,,0.4986451948762861,0.6367702791367302,,,,,0.0324457986885355,,0.6397609799138866,,,,,,,,,,0.2650721649248168,,,,,0.644511334735215,,,,0.9633118855124412,,,,,,,,0.9980337179333088,,,,,,,0.5596016512756208,,,,0.8409514140048704,0.4847580368283747,,,,,,,,,,,,,,0.8806792554590975,,,,,0.9536889580087008,0.8478453621051736,0.4277315406633012,0.5514119237242974,0.9688059415088744,0.7218482262785525,0.960016194713779,0.927256678731656,0.5839383544406904,0.9909029828079892,0.2819736628478503,0.7344922097642893,0.617737312268033,0.9040879280831052,0.6439274488041448,0.972992988370911,0.7327576152697718,0.7987915899774575,0.2985054032260492,0.9488196652057458,0.8451416506222216,0.9030181803620312,0.9857160721711687,0.9933330002383218,0.6241477379589265,0.7391626925242922,0.994349579004018,0.370043119282063,0.3501366074897709,0.6819551663839276,0.7689231960274523,0.3674774630595557
31,141,tor_switch,t0,0.857465808986607,,,,,,,,,0.9139336293910184,,,0.8866313548509557,,,,,,,,0.6184440177573847,0.338829914869809,,,,,0.4814503064403914,,0.6968800162039535,,,,,,,,,,0.7635859284370987,,,,,0.3510307965275994,,,,0.5782082149906502,,,,,,,,0.6841676811502457,,,,,,,0.791754971302579,,,,0.8630828523715884,0.5306483457160334,,,,,,,,,,,,,,0.1445280232621968,,,,,0.7158209849130364,0.9400924204462444,0.946676489181408,0.7419183164376091,0.3030048098137137,0.3472626040875898,0.2872159409545413,0.7196801879194098,0.9133409151457652,0.4031907893229022,0.9518210546751326,0.6477690509192654,0.7722471452527786,0.767361263933885,0.0534653182846592,0.6015485604089873,0.8068120427464806,0.2192493284451326,0.6321576157047626,0.4186939525719994,0.7882816742933714,0.459520642329888,0.9804418386694024,0.9040074830742038,0.802473292811162,0.8037827869883337,0.9197742233970184,0.5476632919324652,0.9859111596877024,0.6702883686554156,0.8688611826798479,0.507251281674244
32,141,tor_switch,t0,0.1788008691761314,,,,,,,,,0.2067585291776256,,,0.9299879512900768,,,,,,,,0.7025716950774946,0.9793368192915812,,,,,0.7613934598951327,,0.6301407113764448,,,,,,,,,,0.9709974567001584,,,,,0.4981263751441722,,,,0.765624938251794,,,,,,,,0.1689259868274257,,,,,,,0.4913902142816106,,,,0.943761008045795,0.7054596156583871,,,,,,,,,,,,,,0.8798687457442176,,,,,0.2014659557375746,0.4436335005024194,0.3472752805868856,0.7487392617074441,0.527570062541063,0.5485370177500349,0.7166874061614432,0.9464622739968568,0.2153658543874701,0.7754349823813838,0.937844268842148,0.3843561084411018,0.8894696070308052,0.161524629890316,0.7500365871971576,0.8489997450583266,0.2215102159132945,0.8773107426873976,0.7539770774760113,0.5032529415003824,0.5807565466416927,0.3334437827130236,0.3168544187247012,0.5372860835280291,0.4412890760426798,0.5695590507814626,0.9557290033934938,0.0661392340169909,0.3351605896959457,0.6676075494982595,0.2550919586530212,0.9027864114403068
33,141,tor_switch,t0,0.861166671873269,,,,,,,,,0.6814012328273887,,,0.9396735480372446,,,,,,,,0.2447477137370513,0.8910781958492342,,,,,0.9365641965611512,,0.2330700862407435,,,,,,,,,,0.2726273933898714,,,,,0.5606708416029317,,,,0.7915475440740473,,,,,,,,0.2151222926013206,,,,,,,0.5265427008722724,,,,0.2755529973321953,0.3727380251453619,,,,,,,,,,,,,,0.9011920430931792,,,,,0.6859453494977134,0.90610705677065,0.7270041365786275,0.4900294933141995,0.6154168335685342,0.9933108438778124,0.901494483058464,0.6608277854775282,0.623135338575747,0.6719491905245265,0.3810292429130026,0.0739586348978494,0.1217033626803061,0.5325713270966276,0.4544052625163085,0.3825487701464173,0.3084762697881125,0.5783771727945501,0.5144376912658378,0.858487212315949,0.2519708141628183,0.99502224584231,0.9214842638643514,0.1850518692381453,0.7499054192153528,0.2950785950749482,0.0305509554960025,0.9700004577763522,0.7149802042589497,0.956914841025587,0.0673235597190351,0.3777520548538819
34,141,tor_switch,t0,0.3932159476121777,,,,,,,,,0.7888160711409028,,,0.5560260962548671,,,,,,,,0.4676493884856121,0.560976308308954,,,,,0.6914747960581231,,0.9690370007686157,,,,,,,,,,0.4654769835749028,,,,,0.691230217222274,,,,0.6920108977386681,,,,,,,,0.6726122883557966,,,,,,,0.9556735361031404,,,,0.5070924343699724,0.3329887542902005,,,,,,,,,,,,,,0.3637662851519352,,,,,0.3477431983023697,0.4187509099324586,0.1310666044101908,0.9721508397791492,0.288169320813072,0.5504636192320526,0.9290154756277128,0.8700644939192812,0.9344962601257764,0.2410657740695744,0.6635072848045085,0.8581739449694183,0.4696170052040971,0.9095462687549536,0.4153816555466666,0.3078605473814019,0.9145131257253428,0.0284746019771573,0.6970129643174644,0.8838876019166575,0.8371680506853564,0.1110421300290755,0.9756781723090816,0.2936227408189696,0.4337259462801239,0.904153476835474,0.5628602884290224,0.975230011823672,0.7256545302786045,0.7334117954569781,0.9065404712967968,0.4487183753412819
35,169,tor_switch,t0,0.8951106054732517,,,,,,,,,0.5290735816196207,,,0.3729731195125125,,,,,,,,0.5760589752432106,0.1522855691539359,,,,,0.9238070295757246,,0.5586781348543572,,,,,,,,,,0.5043110989825693,,,,,0.8020900950022145,,,,0.4594909357325786,,,,,,,,0.7453856692148406,,,,,,,0.954294415480396,,,,0.9378199997835212,0.2962050425522896,,,,,,,,,,,,,,0.717001783108752,,,,,0.6532968653758494,0.8042327603688961,0.9028995979622492,0.4973421840460862,0.5909541621245227,0.9018518139753922,0.9845753756149718,0.3803269037093145,0.59964059752451,0.5001743881704152,0.328706967456724,0.6282943624334121,0.3312085806327465,0.752775323833575,0.8691848390411111,0.8468113058628706,0.7659530633475173,0.4386242463889458,0.8343550872682514,0.6083511139608814,0.2476679574657602,0.9892741975342472,0.2887884341931638,0.6859999672956194,0.0019811561853699,0.3061058123266662,0.339061414652778,0.4198241525413133,0.1672910029237057,0.5019692989890849,0.6826037333394293,0.5895285497010181
36,169,tor_switch,t0,0.7679405147000862,,,,,,,,,0.8290582066277398,,,0.3670152074565342,,,,,,,,0.8348543098717561,0.8540863407965235,,,,,0.8156131232379195,,0.0623945258776597,,,,,,,,,,0.9789235020199648,,,,,0.0332146034448209,,,,0.338009195541554,,,,,,,,0.9809305105950622,,,,,,,0.6819000665287996,,,,0.4959813937201148,0.8397252003478682,,,,,,,,,,,,,,0.5838164646327719,,,,,0.8959580900521413,0.9802902112237414,0.9571188043940174,0.9437288737607348,0.9013936131651376,0.1144808403782382,0.8532489039176054,0.3634633042687129,0.8236310979469099,0.3429051012264827,0.3079425534660214,0.7658137998592723,0.472200498430701,0.9514157950693736,0.7091761150915538,0.1911359353606015,0.9110331690029496,0.7628292154516344,0.9379665452658804,0.8095072176370921,0.9770318959104202,0.251897036850417,0.9178372291496236,0.6109509108060412,0.9665392410070592,0.0987264302163595,0.6159533816502815,0.5161070488009187,0.4600470575510804,0.00487365745777,0.2403352184326695,0.5914824150055833
