,IncidentId,EntityType,Tier,TCAMAboveThr_mv,MaxprefixThr_pers_1h,NetscanLinksMultiple_mv,NonProdWithProdTraffic_mv,InterfaceUnsecured_mv,IBBandwidthSpeedMode_pers_1h,NGSvsLLDPt1t0_mv,NGSvsMSAssetSN_mv,SystemUsageHigh_pers_1h,GraphMissingMgmt_mv,InterfaceDownDuration_pers_1h,SoftwareErrorsSev2_pers_1h,DiskFailures_pers_1h,PowerSupplyRedundancy_mv,BGPHoldTimer_pers_1h,MultipleReboot_mv,ServerTorFCSErrors_mv,ServerTorInterfaceErrorsPercentageThreshold_mv,NonProdWithProdTraffic_pers_1h,LdpDown_mv,ServerTorPktDiscards_pers_1h,VoltageError_pers_1h,TacacsUnreachable_mv,DeviceReload_pers_1h,HardwareErrorsSev2_mv,PhynetFCSErrors_mv,NGSvsLLDPWAN_pers_1h,ServerPingmeshPktLoss_mv,FabricDegraded_pers_1h,HighInterfaceUtilT3WAN_pers_1h,NetscanPayloadPathsMultiple_pers_1h,CPVPolicyFailure_mv,SoftwareErrors_mv,BGPFlap_pers_1h,QCHardwareDrops_mv,DuplicateIP_pers_1h,OSPFDown_mv,TooManyT2sDown_mv,NtpError_mv,PfcPauseFrames_pers_1h,ISISDown_mv,SSHReachability_pers_1h,QCHardwareDrops_pers_1h,TCAMAboveThr_pers_1h,OSPFDown_pers_1h,DupStaticIP_pers_1h,IfOperStatus_mv,DiskFailures_mv,CpuSyslogErrors_pers_1h,NtpError_pers_1h,PowerSupplyDown_pers_1h,PingmeshPktLoss_pers_1h,NetscanPayloadAlertPaths_pers_1h,MgmtInterfaceFlaps_pers_1h,BGPHoldTimer_mv,SoftwareErrors_pers_1h,ServerPingmeshPktLoss_pers_1h,CPVPolicyFailure_pers_1h,HighInterfaceLinkUtilization_pers_1h,FabricDegraded_mv,SoftwareErrorsSev2_mv,LPMUtilization_mv,Tier1TrafficOutlier_pers_1h,SnmpVoltage_pers_1h,ServerTorInterfaceFlaps_pers_1h,IBBandwidthSpeedMode_mv,NoGoldConfig_pers_1h,PortExhaustion_mv,NetscanPktLoss_mv,PhynetInterfaceErrorsPercentageThreshold_pers_1h,DupDeviceName_pers_1h,ExceessiveSyslogs_mv,IBCongestedBandwidth_pers_1h,FIBErrors_mv,PhynetInterfaceErrorsCountThreshold_pers_1h,DupStaticIP_mv,defaultMTUSize_pers_1h,HighInterfaceUtilT0T2_mv,ServerTorInterfaceErrorsCountThreshold_pers_1h,NoSysLog_pers_1h,BgpDelay_pers_1h,SnmpLoopbackReachability_pers_1h,ServerTorInterfaceFlaps_mv,PowerSupplyRedundancy_pers_1h,IBLinkErrorRecovery_pers_1h,Hw3Drop_mv,defaultMTUSize_mv,JuniperSSGStateChange_pers_1h,SNMPHighMemory_pers_1h,InterfaceUnsecured_pers_1h,MemErrors_pers_1h,NetscanPayloadPaths_mv,ISISDown_pers_1h,FanFailure_mv,MemErrors_mv,PhynetFCSErrors_pers_1h,MaxprefixExceeded_mv,HighInterfaceLinkUtilization_mv,DupManagementIP_mv,NetscanPayloadPodSetPaths_pers_1h,NetscanBadDevice_pers_1h,NetscanPayloadAlertPaths_mv,Tier1TrafficOutlier_mv,BadOSVersion_pers_1h,NetscanPktLoss_pers_1h,DeviceDownFlood_mv,DeviceDataPlaneDownBGP_pers_1h,MaxprefixExceeded_pers_1h,IBUFMTimeDifference_pers_1h,HSRPStateChange_mv,BGPDown_mv,SNMPHighMemory_mv,SONiCErrors_mv,SnmpReachability_mv,GraphMissingUplink_pers_1h,SSHReachability_mv,HardwareErrors_mv,GraphMissingUplink_mv,NoGoldConfig_mv,SyslogOutliers_pers_1h,BGPGlobalShutDown_mv,IBLinkErrorRecovery_mv,LinkStatus_pers_1h,VoltageError_mv,SnmpVoltage_mv,Hw3Drop_pers_1h,PhynetInterfaceErrorsPercentageThreshold_mv,LineCardDown_mv,PhynetInterfaceErrorsCountThreshold_mv,PhynetInterfaceFlaps_mv,ServerTorInterfaceErrorsPercentageThreshold_pers_1h,DefaultRouteMismatch_mv,NGSvsLLDPt1t2_pers_1h,DupDeviceName_mv,GraphMissingMgmt_pers_1h,NetscanPayloadPathsMultiple_mv,ExEraseExecutions_pers_1h,NGSDuplicateStaticIP_mv,TemperatureErrors_mv,NetscanBadDevice_mv,MultipleReboot_pers_1h,BGPDown_pers_1h,NoSysLog_mv,DuplicateSerialNumber_mv,HAFailover_mv,VRRPStateChange_mv,BgpDelay_mv,TempSNMP_mv,SnmpLoopbackReachability_mv,DeviceDown_mv,HAIneligible_mv,DefaultRouteMismatch_pers_1h,SystemUsageHigh_mv,IBUFMTimeDifference_mv,NGSDuplicateStaticIP_pers_1h,PfcPauseFrames_mv,IBLinkDown_pers_1h,LinkStatus_mv,TORReboot_pers_1h,MgmtInterfaceFlaps_mv,CpuSyslogErrors_mv,SnmpReachability_pers_1h,NetscanPayloadPodSetPaths_mv,NetscanPayloadAlertPodSetPaths_mv,HSRPStateChange_pers_1h,SyslogOutliers_mv,FIBErrors_pers_1h,HighInterfaceUtilT0T2_pers_1h,TooManyT1sDown_mv,ExEraseExecutions_mv,TooManyT2sDown_pers_1h,ProcessShutdown_pers_1h,TooManyT1sDown_pers_1h,PhynetPktDiscards_pers_1h
0,223,cluster_switch,t0,0.2579459329066182,0.5038265242455411,0.6506120841826689,0.5224153557603356,0.7388028787616986,0.3748505694486296,0.7642654760251624,0.3062811821204868,0.7466702462661925,0.3434559853808692,0.4850493597770294,0.0074087994420741,0.6964617316180476,0.1742722421448073,0.3454411306889507,0.7608170362848958,0.7861198003791977,0.2802672623724698,0.972120347838922,0.6045147304596734,0.0447285260637665,0.1240306753072569,0.2145907787676831,0.0803376571026207,0.446311090352222,0.6421286427648815,0.3864081179478201,0.7941963668706562,0.8302924639381517,0.6404132688609966,0.8377595215952536,0.4687105472061824,0.876026844123488,0.2716863348868354,0.8373423431774157,0.0847381584024933,0.098182457620393,0.8141252750933524,0.7428196581293685,0.5658285818335165,0.3415650759971376,0.7855194523982704,0.3142105281768363,0.8842829362849262,0.1806549794757103,0.56834786713793,0.4945030716991737,,,,,,,,,,,,,,,,,,,,,,,,,,,,,,,,,,,,,,,,,,,,,,,,,,,,,,,,,,,,,,,,,,,,,,,,,,,,,,,,,,,,,,,,,,,,,,,,,,,,,,,,,,,,,,,,,,,,,,,,,,,,,,,
1,237,cluster_switch,t0,0.3896373246912578,0.5692956084950974,0.5698229243156182,0.3264686917113515,0.3460725374807659,0.6339386243637435,0.3593348749049501,0.8556675888691615,0.2250024274425595,0.7965436466537488,0.239263469434645,0.4053442882699615,0.3542773527986911,0.5098912594786266,0.2919160527115788,0.8950777352402655,0.0791247148798375,0.5468273376965805,0.6170478362113653,0.8228571515362948,0.5579158002612662,0.5512385425394382,0.3836127636884384,0.3933192173288221,0.2344093585202652,0.5690850955283552,0.9889526440085292,0.264969190652065,0.7520363736354966,0.326618429090446,0.4456228542133158,0.6612221314256086,0.9959401035074684,0.1737679456235384,0.887908205420073,0.8612577111937064,0.621817862526526,0.4714997251290487,0.8392564937739094,0.8501122701287418,0.1406489422949289,0.0941104190320167,0.5298199455644639,0.1819384131456296,0.0178047876078817,0.1684258647349964,0.5126714380723362,,,,,,,,,,,,,,,,,,,,,,,,,,,,,,,,,,,,,,,,,,,,,,,,,,,,,,,,,,,,,,,,,,,,,,,,,,,,,,,,,,,,,,,,,,,,,,,,,,,,,,,,,,,,,,,,,,,,,,,,,,,,,,,
2,237,cluster_switch,t0,0.5488611640707102,0.7409869379650841,0.282197248426992,0.3968770864597489,0.6060367565066987,0.4919765592303543,0.9005203004696402,0.3270458400783232,0.1914217802309163,0.7411254833342256,0.3453057210093238,0.8131175320594528,0.7330304075020011,0.2167846472861779,0.1811012116739909,0.7594269032846354,0.6542780222337569,0.8938878920917421,0.2297124311259256,0.2598088422387817,0.6551473610525257,0.5073448981742222,0.3056016435684039,0.0662382906960067,0.3559023762670164,0.1686511674806703,0.9143086745613956,0.1405777843529185,0.3767304242117427,0.7502574429817719,0.3930190955743109,0.80119564040796,0.6663041897157819,0.6752725500842184,0.0518656407548,0.7485396927493174,0.5065175115297289,0.4112253135116294,0.8364313434448788,0.8386854587243794,0.9272609221310728,0.9994798004993865,0.1542609076816563,0.3984516188212618,0.5098259614173802,0.0274409568476925,0.4998512785958854,,,,,,,,,,,,,,,,,,,,,,,,,,,,,,,,,,,,,,,,,,,,,,,,,,,,,,,,,,,,,,,,,,,,,,,,,,,,,,,,,,,,,,,,,,,,,,,,,,,,,,,,,,,,,,,,,,,,,,,,,,,,,,,
3,155,cluster_switch,t0,0.7435815176931012,0.2203871575100914,0.4807890890350657,0.3228587238772985,0.5833029088815638,0.8679402155539152,0.4440518025626948,0.2798151430345413,0.6735735104922859,0.611486276424172,0.8026108542897995,0.8621786224571513,0.3030562710998952,0.7320743862797938,0.4536925612001664,0.3236677906072615,0.3230103929657978,0.7621158173161108,0.2694332730159554,0.3775852171035992,0.9870556144402876,0.0608672323558117,0.2078466817635621,0.9473766067598616,0.21457502717548,0.9191945567204836,0.903246623565568,0.2325590926395858,0.7534428982199116,0.8405761053285397,0.7816088477246632,0.1714274688782469,0.8737359912552356,0.4319880553970987,0.1896031693778647,0.7222745314926102,0.272078756584926,0.0208320215205862,0.7252616195289889,0.0770627221186671,0.2793118350357054,0.5764619967062653,0.6528265294618313,0.866965354441985,0.6574344418409803,0.7760480709700678,0.3534946141330632,,,,,,,,,,,,,,,,,,,,,,,,,,,,,,,,,,,,,,,,,,,,,,,,,,,,,,,,,,,,,,,,,,,,,,,,,,,,,,,,,,,,,,,,,,,,,,,,,,,,,,,,,,,,,,,,,,,,,,,,,,,,,,,
4,141,cluster_switch,t0,0.6566718817894336,0.3715027386452744,0.6930875911940877,0.4951845644987539,0.1639833652730538,0.4042792880613118,0.6193132590191796,0.3044129903641637,0.2312031486167707,0.7804951609242882,0.9228633910011574,0.0349047682421077,0.5616269408567396,0.4426072256791045,0.9163491558953284,0.1680592203637669,0.257228863083908,0.8839090881033128,0.5681106673393227,0.9062013999443465,0.6944005996053534,0.945662844729704,0.0991114047516363,0.2313127839423573,0.4931153734233532,0.5592478506168277,0.3532194165219905,0.8237603961535125,0.5136971292550041,0.5831963242451565,0.9354631916755194,0.5816070293495573,0.0906666172118487,0.83708164101394,0.3117601809482766,0.1585808986727713,0.108223372708555,0.1745407359712755,0.6102266650788993,0.6875983554172462,0.2318533121983227,0.7499589516479839,0.838650599213598,0.2930775126772311,0.8803236456437726,0.521460938103188,0.4497837703696971,,,,,,,,,,,,,,,,,,,,,,,,,,,,,,,,,,,,,,,,,,,,,,,,,,,,,,,,,,,,,,,,,,,,,,,,,,,,,,,,,,,,,,,,,,,,,,,,,,,,,,,,,,,,,,,,,,,,,,,,,,,,,,,
5,169,cluster_switch,t0,0.5088296470547131,0.4093873120817219,0.3515574293914486,0.2334626985848414,0.8162037891738458,0.4798232147004718,0.7799430716654905,0.4853930671811747,0.2455881055988898,0.7297189045334143,0.8201435380292491,0.3750350371993689,0.1606626405875333,0.6919023796420942,0.0420669508647524,0.7627798590963814,0.6132047788327325,0.463372279322483,0.0684122668292447,0.7223177407171086,0.6467094345875872,0.3349297137572625,0.1448006574797483,0.2264914374086216,0.7343569856090718,0.833146238485879,0.7818020577797169,0.2912397520304648,0.2283516304954439,0.0248602426718617,0.7126372000291433,0.3521738017624246,0.2309474643782444,0.0533770040349627,0.235686221926615,0.1247179368171023,0.8538455428140245,0.8503685263138837,0.9909144451117384,0.9235726811794484,0.7540090059243044,0.6975074038977893,0.6745097807468771,0.0945606682817146,0.6812328964187205,0.0533719446876482,0.9614335102023164,,,,,,,,,,,,,,,,,,,,,,,,,,,,,,,,,,,,,,,,,,,,,,,,,,,,,,,,,,,,,,,,,,,,,,,,,,,,,,,,,,,,,,,,,,,,,,,,,,,,,,,,,,,,,,,,,,,,,,,,,,,,,,,
6,169,cluster_switch,t0,0.4613099991294036,0.505781540282998,0.156459179685181,0.8248370784593413,0.5082376093131882,0.4960276370223513,0.8670931408663739,0.5527448896586603,0.3113776640957323,0.4629771121585437,0.4502628796022062,0.7772833449388994,0.3893439132532361,0.4917348376811162,0.3148688344778813,0.2383183013638921,0.2738517304955437,0.4171117170649507,0.5966983772483038,0.3846731237381015,0.9250271790581874,0.4941883868689034,0.7172842571918936,0.4819296028052041,0.86224238866401,0.2336072311406998,0.4316072685907818,0.8205593252545984,0.612591616503446,0.4231317430133988,0.6095062571968296,0.8946623730104935,0.0589532724088303,0.1423547990562083,0.0453829023008418,0.5914849008081525,0.2624964205738419,0.8192134459934751,0.7179091244323987,0.6187779573718076,0.1877658832643548,0.4706324364089456,0.5854790292201659,0.4668434019197074,0.6332825687289155,0.0370973569977561,0.4733706664037725,,,,,,,,,,,,,,,,,,,,,,,,,,,,,,,,,,,,,,,,,,,,,,,,,,,,,,,,,,,,,,,,,,,,,,,,,,,,,,,,,,,,,,,,,,,,,,,,,,,,,,,,,,,,,,,,,,,,,,,,,,,,,,,
7,223,cluster_switch,t1,,,,,,0.4898486924567005,,,,,,,,,,,,0.5328159145830027,0.3667047304066646,0.0589588740508473,,,0.5007735736030691,,,,,,,0.8091766089358519,,0.680962950364943,,,,,0.311622588907617,,0.8029986819296482,,,0.8741285636333638,0.9362721529075708,,,0.7595236978668343,,0.5258970637700803,0.2772593542226862,0.7284022015165205,0.2194056160277377,0.071178074777075,0.8004435193728504,0.3329311751808697,0.8207042034625539,0.7934678610977426,0.2243767112358575,0.5958179679931552,0.2924423088232418,0.232570615587458,0.7167587564512007,0.7556080665876375,0.4281706699710624,0.3321020901327055,0.2188618990156808,0.8560369487901485,0.4030631082455354,0.9821374598254708,0.2421055754286153,0.7120307989364206,0.7146174972783007,0.3676605247457145,0.073400749571944,0.89941866563222,0.7141447219626085,0.6588691170004054,0.2780332657309071,0.1419984892520853,0.0037302345626792,0.0717412981971652,0.6304052590928328,0.4446872271682828,,,,,,,,,,,,,,,,,,,,,,,,,,,,,,,,,,,,,,,,,,,,,,,,,,,,,,,,,,,,,,,,,,,,,,,,,,,,,,,,,,,,,,,,,,,,
8,223,cluster_switch,t1,,,,,,0.700681582733514,,,,,,,,,,,,0.7490724801063475,0.3908217322555476,0.8270079922923579,,,0.8034550179244317,,,,,,,0.1938633009068922,,0.2122162953559609,,,,,0.1257439127068172,,0.1516606969320172,,,0.9577388422398674,0.5509095068750859,,,0.4639612645529566,,0.4927886293060659,0.5767618802110248,0.8053001314063525,0.3212567049849183,0.5263480379901557,0.2848347078362078,0.7243142701337344,0.5189977526945071,0.155844334299075,0.4227814108294238,0.9268881041493562,0.3290366338530881,0.2944419616030741,0.1373287698794054,0.3979211536333678,0.4554421711680338,0.6132950076949282,0.2496391816969837,0.7091609292684313,0.1308929721554282,0.878435888754024,0.6878406299133948,0.8793913086683783,0.4822640013207826,0.7797578637981195,0.8446246593649436,0.5582620910372144,0.2638165083946813,0.9907949799288428,0.9114920824573274,0.3089134657301637,0.1022187221432981,0.4590545693361328,0.6353330404617967,0.9484654221824284,,,,,,,,,,,,,,,,,,,,,,,,,,,,,,,,,,,,,,,,,,,,,,,,,,,,,,,,,,,,,,,,,,,,,,,,,,,,,,,,,,,,,,,,,,,,
9,155,cluster_switch,t1,,,,,,0.961714749942031,,,,,,,,,,,,0.2137266569752577,0.6811355086530806,0.6371445839266373,,,0.8797076478761405,,,,,,,0.3585755850243964,,0.9036371652821844,,,,,0.6545827937950895,,0.2615665484522781,,,0.418120461868415,0.426538039946095,,,0.0805882643146903,,0.5641690349225825,0.5431935707333195,0.5820304099560726,0.6452211709698739,0.4153499513501065,0.7250741355363715,0.764358213039333,0.5010404983902201,0.6363692635572584,0.0625654622413596,0.1530733716910772,0.1035410024895308,0.2853113307920499,0.8307999180313055,0.425901429012685,0.1015410578953549,0.5970521687926655,0.8909528768257,0.8307847301976315,0.1499446040123034,0.1489788269865495,0.3288685459476063,0.4114382264743021,0.093451003506374,0.7652044719002355,0.2750904899733204,0.2470205701822204,0.6299742312283536,0.9774403530948508,0.5264490407650255,0.6739137680536754,0.8334888451955637,0.3793617003678533,0.5709008283320615,0.6743984916324143,,,,,,,,,,,,,,,,,,,,,,,,,,,,,,,,,,,,,,,,,,,,,,,,,,,,,,,,,,,,,,,,,,,,,,,,,,,,,,,,,,,,,,,,,,,,
10,141,cluster_switch,t1,,,,,,0.7827109544190353,,,,,,,,,,,,0.07618629456334,0.1520437375780098,0.2572383757341029,,,0.1185316305681556,,,,,,,0.5650166499590602,,0.3526915141112137,,,,,0.7330953813218258,,0.8049807796648918,,,0.145705146338645,0.408865621095708,,,0.3512049481871108,,0.4092154146849238,0.6272725142562477,0.7855523032945321,0.1781100063722017,0.7458408504956672,0.2938378091472439,0.3593416800387942,0.875243537625153,0.7757680569955333,0.7807038968812247,0.8350954002441664,0.1253180382313213,0.4405755788559452,0.8405555109625427,0.2774505338968271,0.6633192519915223,0.8439581241940171,0.3395676207073616,0.8959070969171151,0.4866216281288091,0.9517380164119164,0.8757647438201844,0.254112533802352,0.2388784871353464,0.6233954881318476,0.2656805447655213,0.825464903085916,0.7504436653175732,0.9626925676807612,0.4770759579456142,0.3670752405547435,0.930407697105864,0.2604285658088415,0.2703664692431096,0.6306159793165325,,,,,,,,,,,,,,,,,,,,,,,,,,,,,,,,,,,,,,,,,,,,,,,,,,,,,,,,,,,,,,,,,,,,,,,,,,,,,,,,,,,,,,,,,,,,
11,169,cluster_switch,t1,,,,,,0.3995965752602797,,,,,,,,,,,,0.5928738129945225,0.8257846513408544,0.2665003083780271,,,0.435179179958434,,,,,,,0.5988683603606179,,0.4024127845746197,,,,,0.5181939082874205,,0.4122535915765812,,,0.7066429180013136,0.1332441189973887,,,0.1593533453902696,,0.2658091081328407,0.7342489362390343,0.3446007485379768,0.4256940556794081,0.3185711682592729,0.8211086773389863,0.7779351576896527,0.8993603349659514,0.1219292491127199,0.5479281366660492,0.4093343954214814,0.1550991703654787,0.8457409505939825,0.6815331995402826,0.6443726838086367,0.127741980772754,0.3991140532816815,0.2096319805898306,0.7123603621010587,0.2462455915018438,0.3554199733311506,0.7590733143914719,0.1966045532247263,0.6204355670632143,0.8669349878317626,0.2951104898430061,0.7662931199580697,0.9659207714900188,0.0708299521229153,0.001055876199479,0.9735966970065102,0.4188071467511471,0.5163867899550484,0.8186504436337816,0.3784578874196254,,,,,,,,,,,,,,,,,,,,,,,,,,,,,,,,,,,,,,,,,,,,,,,,,,,,,,,,,,,,,,,,,,,,,,,,,,,,,,,,,,,,,,,,,,,,
12,223,switch,t0,0.7490473573055013,,,,,,,0.4061968746277494,,,,,,,,,0.6606083000120587,,,0.4804232810584906,,,,0.4448155355148636,,0.9404141452141492,,,,,,,,,,,,0.1847244300839686,,0.3471870948894383,,,0.4695095060318632,0.8527455120096349,0.0384175781790216,,,,,,,,,,,,,,,,0.4942708480319457,,,,,,0.7231521198132008,,,,,0.1529662713039131,,0.2148412425401284,,,0.0049115412776897,,,,,,0.6857032274865774,0.3531675938949553,0.55967296684718,0.7188614550901695,0.5635710788512402,0.438488519772422,0.6647129062546898,0.1590573479722824,0.5288909463308514,0.5152896053228666,0.9170542726209518,0.2352273011564092,0.7712819053347226,0.5234425524460742,0.5371239886459834,0.4464972339444201,0.6902737391712584,0.6824292721727868,0.0537280789222993,0.6513100079984556,0.3629027439398233,0.9332232160811956,0.1396037880180082,0.8788254504704661,0.2450762577636447,0.5172679472931829,0.8933397550353346,0.6662831266286805,0.0596750793976141,0.9666095908661876,0.2766531420651242,,,,,,,,,,,,,,,,,,,,,,,,,,,,,,,,,,,,,,,,,,,,,,,,,,,,,,,,,,,,,
13,237,switch,t0,0.0589323694578105,,,,,,,0.2819129812529511,,,,,,,,,0.4031830791605425,,,0.2043658207214868,,,,0.6189576658202856,,0.554822504703307,,,,,,,,,,,,0.6199310620273049,,0.3267161350115873,,,0.4676284876016391,0.1228310042743954,0.5764636376766672,,,,,,,,,,,,,,,,0.168160017060468,,,,,,0.9436751369517604,,,,,0.6407214584334078,,0.9238469386353652,,,0.3891333005181846,,,,,,0.4318967448314926,0.516305022854075,0.7325343662490105,0.333383285491616,0.1611743207402256,0.6572553495156296,0.8930801881417857,0.2550791337760222,0.1132392112605793,0.9706936532610216,0.101370723517804,0.2935630121345567,0.2392440425405951,0.5489004969335922,0.7233447440507504,0.7119210328745077,0.1858310058284306,0.9765058836783558,0.8264041914364286,0.5505279022113073,0.7242736713465967,0.3796795381979031,0.4482815427588902,0.3406611776776528,0.9464666572354036,0.0894920528791892,0.251181791684399,0.8999275776678587,0.1738829604207824,0.9610048404642448,0.3257255877629965,,,,,,,,,,,,,,,,,,,,,,,,,,,,,,,,,,,,,,,,,,,,,,,,,,,,,,,,,,,,,
14,237,switch,t0,0.4568419324583075,,,,,,,0.3903683953207274,,,,,,,,,0.1172582725070815,,,0.0921041990983048,,,,0.4063587400398621,,0.9573901635284804,,,,,,,,,,,,0.3950218560187007,,0.0351013084161129,,,0.7974900206047286,0.2240057401140377,0.6150578865169833,,,,,,,,,,,,,,,,0.701073831858865,,,,,,0.3931759108073507,,,,,0.8899422248874608,,0.3878503062712507,,,0.9360325201303192,,,,,,0.576827386478039,0.4141089636613621,0.442827411744252,0.1814804042017932,0.6553853406315885,0.2962587386486949,0.6912825417953509,0.4981087855371496,0.7532752035185314,0.1213171274716081,0.8323418622607364,0.4945539517396586,0.1618409669525699,0.9040540101936616,0.2041608479024976,0.7097098680522244,0.909069384233436,0.6124624452867724,0.318727129973207,0.9107810167484276,0.6767695544021444,0.7872086904802774,0.8083401766000244,0.44027868204356,0.2461072757574067,0.2898145812159477,0.5645115553237353,0.5479968479925489,0.2324525865899199,0.2339688584055459,0.9094114315690828,,,,,,,,,,,,,,,,,,,,,,,,,,,,,,,,,,,,,,,,,,,,,,,,,,,,,,,,,,,,,
15,155,switch,t0,0.9614992838959394,,,,,,,0.2354860666891215,,,,,,,,,0.3644729290941134,,,0.7635907164190323,,,,0.3306486221662106,,0.200867937846161,,,,,,,,,,,,0.3734021922321869,,0.3957424028131199,,,0.6056712441072802,0.6444312968467293,0.2663780301319929,,,,,,,,,,,,,,,,0.4514856091341366,,,,,,0.8376729521543929,,,,,0.875461269695027,,0.6599858366528525,,,0.9692606756187424,,,,,,0.2806175158963632,0.7032900058792934,0.2035827135055855,0.8468182357940623,0.3271596671231045,0.5375703983295996,0.6460605931677715,0.3234722213175733,0.4036651578575955,0.7652022448379224,0.7933203296486817,0.7974611220823029,0.2573630115027948,0.7484030315744936,0.8265739595312166,0.1382782611825298,0.4676373787330908,0.6310331471181946,0.0032927687971127,0.3573074204153479,0.6520861802517476,0.1397996354687906,0.173436361108767,0.3723816593500177,0.9697245788324228,0.3542621581665981,0.4876709409212193,0.601036182368683,0.8026835307997923,0.5468373957565013,0.9064954281510452,,,,,,,,,,,,,,,,,,,,,,,,,,,,,,,,,,,,,,,,,,,,,,,,,,,,,,,,,,,,,
16,155,switch,t0,0.2331862554503311,,,,,,,0.7304938699539506,,,,,,,,,0.3797668723358681,,,0.8804971895173467,,,,0.6464783839173383,,0.2983586985544403,,,,,,,,,,,,0.0150207042996756,,0.8491774604305674,,,0.5756539207920602,0.8468745794694005,0.3368014742820993,,,,,,,,,,,,,,,,0.0550928272495784,,,,,,0.2150062490805059,,,,,0.1729652378959557,,0.3263975640473396,,,0.7679841046653514,,,,,,0.3414974713309894,0.5206591119699039,0.6839124184033818,0.2350296807944576,0.7652351176578057,0.2777508789944977,0.674422460781457,0.3880884703796523,0.5551302606430866,0.8850347895750501,0.4574845119892795,0.627048158854109,0.189638151866478,0.344246331187729,0.1781226219715679,0.1428032444569535,0.9932521500756888,0.5818323693399078,0.2384084766597721,0.7375152068157709,0.7869865668464087,0.9736287473183614,0.9343110421734306,0.4420336677042557,0.7763611121839433,0.3624626045119421,0.3888210043633276,0.090492135340445,0.3216915743641064,0.605284438683004,0.5467607249840319,,,,,,,,,,,,,,,,,,,,,,,,,,,,,,,,,,,,,,,,,,,,,,,,,,,,,,,,,,,,,
17,141,switch,t0,0.8381230861545076,,,,,,,0.1609879757255077,,,,,,,,,0.9427398073232676,,,0.3259504772876571,,,,0.943629417712074,,0.563924632139577,,,,,,,,,,,,0.8000283572556339,,0.907409182215768,,,0.3651362660393724,0.3630264062940983,0.0506391747883694,,,,,,,,,,,,,,,,0.64376283497137,,,,,,0.9421594529527894,,,,,0.4256247700004201,,0.8973632300866827,,,0.5462133798929311,,,,,,0.5246443968542098,0.6359065430572319,0.5146878384471688,0.5456043064804402,0.7141753252336164,0.1816054884295437,0.850208735570862,0.4413488576909383,0.2698865698156178,0.4619634005041979,0.0184424511259029,0.6688177664068009,0.6895534503457037,0.6112691146273225,0.1491907004921475,0.2743487935091845,0.3532915471739559,0.0639902587569416,0.6443567433408446,0.7481973960036755,0.6733939378201574,0.26685904656247,0.8299702923277666,0.8033943423287181,0.7507612211039468,0.0585092535405769,0.8246486388296604,0.5063297563079011,0.7361142492859554,0.2994304154481032,0.7497406846164132,,,,,,,,,,,,,,,,,,,,,,,,,,,,,,,,,,,,,,,,,,,,,,,,,,,,,,,,,,,,,
18,141,switch,t0,0.3955892261984611,,,,,,,0.5622337428143888,,,,,,,,,0.1160181594935977,,,0.9895802098223108,,,,0.2651491739175059,,0.7239919648834805,,,,,,,,,,,,0.8680260956098848,,0.4312866101297958,,,0.2168999708138872,0.5830545019890797,0.900096484936242,,,,,,,,,,,,,,,,0.9643991900286176,,,,,,0.7277247011878323,,,,,0.4024390897425568,,0.774923100540374,,,0.6052956445546424,,,,,,0.3063133957800429,0.7702112074292486,0.6686495697280194,0.6846838829410566,0.6530959495311199,0.723097349844643,0.5160230859070416,0.2788186744675789,0.6947752881721735,0.4153249528661593,0.0971504271375869,0.3301909299031379,0.5587027461285871,0.1578551987064603,0.1423822721412483,0.7879532820558214,0.2160211994576525,0.7166492373537036,0.202505753910108,0.5294410692775702,0.1101539952904293,0.9478401453731372,0.2777427831980775,0.8131047194546065,0.593298336695098,0.3836742041338075,0.0895876734912446,0.8037244288823217,0.2095533119648326,0.1016089932808415,0.0398177200131416,,,,,,,,,,,,,,,,,,,,,,,,,,,,,,,,,,,,,,,,,,,,,,,,,,,,,,,,,,,,,
19,223,switch,t1,,0.7966186555112647,0.1837275280595404,,,,,,,,,,,,0.5203730082305319,0.1078639979030601,,,,,,0.8054888777448698,,,,,,,0.9386796859488225,,,,0.870662734001063,,,0.177436570711972,0.8490507178923179,,,,,0.2128755391128004,,,0.3995412659392147,,,,0.4145981934461922,,,,,,,,,,,,,,,,,,,,0.0605775085513921,0.7321749865115688,0.4989711737755106,,,0.6673065751527036,,,0.2299764255805116,0.6580532681574536,,,,0.3189118687375513,,,,,,,,,0.1846389955102418,0.035961520300258,,,,,,,,,,,,,,,,,,,0.536421454145494,,,0.5851853244364579,0.2137680846886056,0.4932288010450578,0.2338835596264826,0.8867786624486543,0.7786528009081966,0.70165269578122,0.2606230615000309,0.4770674621916086,0.9380862462930982,0.4297019255555696,0.2305596721674748,0.0328883189752987,0.7477656261026109,0.6915100613817508,0.108258647924025,0.3766793069386808,0.8820673036989666,0.9597197721721288,0.4622547521443737,0.913658265264685,0.1616312829900561,0.721087430656265,0.4536230724856964,0.0243751616319121,,,,,,,,,,,,,,,,,,,,,,,,,,,,,,,,,,,,
20,223,switch,t1,,0.7790588859741382,0.4488691725265823,,,,,,,,,,,,0.0867215060627246,0.9185149668657722,,,,,,0.3097824194979142,,,,,,,0.773309031146642,,,,0.0907196354782051,,,0.7862661298218668,0.4504428134262557,,,,,0.0444008103802281,,,0.1694802240827084,,,,0.7199189282714562,,,,,,,,,,,,,,,,,,,,0.5525963980618643,0.9741621282236528,0.5018753332495394,,,0.7514457918746991,,,0.6698141503723363,0.5649900666588004,,,,0.1590478812149474,,,,,,,,,0.364934069331545,0.7414830015418568,,,,,,,,,,,,,,,,,,,0.234238077208829,,,0.4108707540007761,0.7005888382836549,0.2699551276612484,0.1435014224197534,0.3289774190629202,0.6985424326751175,0.1415383085943798,0.2185261376122447,0.5585377336895029,0.1767248192470631,0.8684059262684093,0.8651836583157052,0.1776228752936721,0.4579215260405147,0.1196697424130986,0.1084836519450779,0.4917938841458662,0.4971725884304848,0.0832740288982595,0.5413018786876468,0.293457317777388,0.6117786092563726,0.6211887109458056,0.0177749278245289,0.883228588179061,,,,,,,,,,,,,,,,,,,,,,,,,,,,,,,,,,,,
21,237,switch,t1,,0.3562120628300482,0.3535078759531054,,,,,,,,,,,,0.1446538971775257,0.6205533538990193,,,,,,0.1148377763428373,,,,,,,0.1126987867777652,,,,0.8597090136067895,,,0.8900585347576109,0.6689435563565834,,,,,0.0122477876903797,,,0.3502733193452866,,,,0.7738832046178398,,,,,,,,,,,,,,,,,,,,0.64692417998867,0.7338375957925248,0.4394003431165718,,,0.2128148334596243,,,0.140130352305364,0.9499768169473618,,,,0.8260386136826302,,,,,,,,,0.1798678423342259,0.2872341979610761,,,,,,,,,,,,,,,,,,,0.6219905267559651,,,0.8266932321716853,0.5883630682411857,0.2081973788864014,0.6409807484890001,0.2421793505028313,0.8433349393914837,0.7354338101441954,0.1856826017837144,0.8641550545017279,0.3709418387796255,0.2648934505292903,0.0265173521193664,0.9405197980633228,0.5279770762642326,0.9378642040395514,0.5049360337089687,0.7997325898931609,0.0370071254693397,0.1405484489372735,0.340165360750011,0.7469290257616418,0.0008225288585179,0.4482506675776205,0.7843520945312045,0.8824374928017775,,,,,,,,,,,,,,,,,,,,,,,,,,,,,,,,,,,,
22,237,switch,t2,,,,,,,,,,,0.0992775469846287,,0.084303087279554,,0.2576078168018401,,,0.3650343205102381,0.8145048775295597,,,,,,,,,,,,0.1017932247925152,0.077039022431727,0.1265874905590048,,,,,,0.2058886541552979,,,,0.0680631289614563,,0.1887337287941008,0.218398397766262,,,,,0.2294739587803974,,0.5724597077164516,,0.7161614228127778,,,,0.4994767414743327,,,,,,,,,,,,,,,,,0.0266030374020627,0.5955252116021653,,,0.9255262543817144,,,,,,,,,0.7994407651347083,,,0.5291060705508698,,,,,,,,,,0.5012739619111717,,0.8118875752824347,,,0.7964210197394621,,,,0.908288738932143,,,0.4305277782152669,,0.2794686342571962,0.6075558994071475,,,,0.359732545697573,,,,,,,,,,,,,,,,,,0.1540837206411901,0.668369387553889,0.9082383149779027,0.6263183504053615,0.5043871456715978,0.2888603929531315,0.969004731101092,0.6708970664747297,0.1929575483861993,0.4616195335725591,0.7077616663688594,0.5001776732374339,0.3002387612735678,0.9369108614269378,0.381082976393777,0.9479787411406214,0.5418103445472833,0.4819969007349667,,,,,,,,,,,,,,,,,,
23,155,switch,t2,,,,,,,,,,,0.5066423330214409,,0.9449327111048492,,0.7902305276576598,,,0.2949576710987549,0.6383584446269397,,,,,,,,,,,,0.0243276454276885,0.663196327852125,0.7538169700874968,,,,,,0.1825388575093238,,,,0.127998762766346,,0.9418772785883592,0.6038224110244221,,,,,0.0936572993873917,,0.3320037978624685,,0.5398079049749526,,,,0.1565651866285695,,,,,,,,,,,,,,,,,0.2185165011234936,0.0936411217150824,,,0.7696344718324243,,,,,,,,,0.02622664669297,,,0.9727547692830112,,,,,,,,,,0.5049582220316856,,0.1512068742115226,,,0.8985947841801764,,,,0.5673091777994563,,,0.692441450899898,,0.4874504108179591,0.5409385928848031,,,,0.8146657215979888,,,,,,,,,,,,,,,,,,0.3162136668646217,0.8617997217826155,0.4136886793141655,0.6681008679427363,0.8675892857856348,0.9294765276059642,0.1426244448693467,0.3000876983411057,0.4240874273666669,0.0515946705633943,0.1778955873796626,0.3246462635407288,0.1301130328124068,0.2544646250422921,0.9177433688559824,0.0263105955234441,0.6518465952745395,0.7930664375237891,,,,,,,,,,,,,,,,,,
24,223,tor_switch,t0,0.8578387680181969,,,,,,,,,0.5851082578672091,0.6738108537461918,,,,0.4719530211786195,0.7453422206144827,0.1068266102753556,,,0.2399607427514556,,,,,0.177064576029108,0.1605446587878698,,,0.6218046909147349,,,0.5086005054592353,,,,,,,,,,,,,0.3766319689755054,,,,,,,,,,,,,,,0.2470597918918451,,,,,,,,,,0.5805926898144341,,,,,,,,,,,0.6549504920198561,,0.1635178765958027,0.7541301109803333,,,,,,,0.7583121046928034,,,,,,,,,,,0.6505086177343323,,,,,,,,0.2040472273809213,,,,,0.3417293634178537,,,,,,,,0.3904493509161575,0.0722755712842115,,,0.8929275665937005,,,,,,0.4782516950866852,,0.6780729922800265,,,,,,,,,,,,0.4107602265144056,,,0.0626708849151491,,,0.3149915737418466,,,,0.0962024424350116,0.8026224147093204,0.5571007539114375,0.1530859981682821,0.7678926968013395,0.3836627744547797,0.0216265602658901,0.3557189987519544,0.4606248871977669,0.7398330953977835,0.6178350628334313,0.6555692079660135,0.5997249087035968,0.6837646228089702,0.756020941114079,0.3557285228611717,0.0500336774122927,0.08899906145717
25,223,tor_switch,t0,0.955387573927044,,,,,,,,,0.7413455655990204,0.3519379806529742,,,,0.8040265003340028,0.2470074908179892,0.6755512817903775,,,0.6428647044221186,,,,,0.4210463903267475,0.0640944543960908,,,0.9181827927847496,,,0.2342174039383149,,,,,,,,,,,,,0.2405239549748868,,,,,,,,,,,,,,,0.8424227237342928,,,,,,,,,,0.8166654661531203,,,,,,,,,,,0.451635277920578,,0.8918040380956037,0.5437359055683991,,,,,,,0.3493085623581038,,,,,,,,,,,0.5839132594705487,,,,,,,,0.6983961614085722,,,,,0.6945889044876516,,,,,,,,0.466209703763786,0.0450518262390814,,,0.3474357057808104,,,,,,0.7421692762473471,,0.4243176614122546,,,,,,,,,,,,0.7148591490024649,,,0.9467277304948362,,,0.2837556367551831,,,,0.5784364446234075,0.2024190981053598,0.439437802423556,0.8638700092049556,0.5295477347179192,0.2130016099636849,0.4004465746459055,0.3594937818146909,0.0810089711390266,0.7276554880060436,0.9226509415675794,0.7033710434039846,0.0056707155632147,0.1548911107429315,0.7363336286632072,0.0030782647076168,0.5304362174888256,0.1312152623749035
26,223,tor_switch,t0,0.1738194365990325,,,,,,,,,0.7021024568994508,0.7648748033782615,,,,0.0620664422112429,0.1202021573195724,0.5667906625437704,,,0.3129141710849694,,,,,0.1598461870187584,0.1126377100933184,,,0.361563457519246,,,0.6453540293412428,,,,,,,,,,,,,0.7065601310075604,,,,,,,,,,,,,,,0.2727827922169991,,,,,,,,,,0.777492380516342,,,,,,,,,,,0.1060367511588291,,0.0672560360659707,0.0734033004369139,,,,,,,0.5294054672050907,,,,,,,,,,,0.7424774628228525,,,,,,,,0.2526757891370855,,,,,0.2893960314522374,,,,,,,,0.0628847324942116,0.579496593341577,,,0.2352146025059569,,,,,,0.0281844824815663,,0.6710108643394537,,,,,,,,,,,,0.4359567856471121,,,0.5371319129258724,,,0.2110220371685769,,,,0.1905092424334682,0.4876245482547412,0.3325551379974977,0.7996042238778881,0.2860448146117599,0.3736640805059582,0.5472494163236793,0.2140576088909612,0.6910099067421562,0.4436197491040659,0.5586931803212881,0.9366994527071024,0.3130719087772565,0.0011764493393766,0.8895347126492283,0.8312878135827657,0.217121089912737,0.0067546962150493
27,237,tor_switch,t0,0.4092429249203911,,,,,,,,,0.0338845434277375,0.4490829331505087,,,,0.1043972631022187,0.1317993259209577,0.4639019852970983,,,0.5885459175858345,,,,,0.9396554676440616,0.647873778350237,,,0.4814619182153888,,,0.6463745922181908,,,,,,,,,,,,,0.6909593061985377,,,,,,,,,,,,,,,0.4731010257045189,,,,,,,,,,0.6500557465465174,,,,,,,,,,,0.3735586228936038,,0.4115194391856511,0.8833520814807199,,,,,,,0.6009675015954241,,,,,,,,,,,0.991095264111607,,,,,,,,0.7941308739191147,,,,,0.3663363916749674,,,,,,,,0.5164426442923404,0.4204008336697443,,,0.1117818575796043,,,,,,0.5131192160333341,,0.5571895159746563,,,,,,,,,,,,0.3966190426377795,,,0.8160320148174086,,,0.7617349230331965,,,,0.9396951080262376,0.0317376121502226,0.1978154407168439,0.410724857479975,0.917569164223218,0.8221867830201607,0.2337129066515607,0.811222841325912,0.1766837236425378,0.7983441101492255,0.1999167350972228,0.7781164987909175,0.8943898715424039,0.7415685768207587,0.3939557760494936,0.9621182374258448,0.2767525748865164,0.8839858741746887
28,155,tor_switch,t0,0.3163006000013313,,,,,,,,,0.4341760082004379,0.5714737267109736,,,,0.5810777087498447,0.8963742168400357,0.3453557194682443,,,0.2705279896411259,,,,,0.5869821307099958,0.5453350691040532,,,0.0695941222085276,,,0.3720691911798237,,,,,,,,,,,,,0.3774361687699759,,,,,,,,,,,,,,,0.2739722541882426,,,,,,,,,,0.4835797524085309,,,,,,,,,,,0.7235088009673478,,0.9140781286231718,0.057914073100757,,,,,,,0.8343386606854054,,,,,,,,,,,0.7292660238927077,,,,,,,,0.7126126870693913,,,,,0.0849063238176257,,,,,,,,0.774842192031496,0.0035441653952972,,,0.7060312187453132,,,,,,0.5884376287396245,,0.7186666666354306,,,,,,,,,,,,0.3817881989257283,,,0.1581756952429437,,,0.6217402091816698,,,,0.3937676102649444,0.1521888388175445,0.915317071105445,0.5033454071078018,0.2944084971419093,0.1902969547485504,0.567116326476203,0.8888623805045188,0.8767230476483456,0.687143577163144,0.2437213232833528,0.7259650806263772,0.9927504398171048,0.1551259567651137,0.7569421437472421,0.5746867855307839,0.9364251229945588,0.0354032469304902
29,155,tor_switch,t0,0.959617414368009,,,,,,,,,0.0379820778343875,0.0123135790164308,,,,0.1026937572558741,0.2464870065160617,0.2021945463198193,,,0.1932682192542042,,,,,0.6602316661602029,0.2541761121585083,,,0.9106172257297768,,,0.6185450999335831,,,,,,,,,,,,,0.757345421779866,,,,,,,,,,,,,,,0.003762604632496,,,,,,,,,,0.2402180107058721,,,,,,,,,,,0.2613024042206768,,0.3324715942733975,0.4334251825640079,,,,,,,0.5803053497236225,,,,,,,,,,,0.714733218319013,,,,,,,,0.9032913197211792,,,,,0.7569067185562715,,,,,,,,0.7676851714806272,0.0280212868766571,,,0.6414965307106945,,,,,,0.3073789272848638,,0.4356368438966828,,,,,,,,,,,,0.3169411777554721,,,0.5594399967950099,,,0.5876202079908794,,,,0.6360788243818128,0.3214831832243348,0.6393900217018634,0.3257153898325768,0.2239014223835765,0.5014664728189643,0.7116500497362576,0.8769484134290589,0.9841707726542068,0.8971430029430991,0.9901451952759012,0.0061628305277965,0.9546077523180172,0.6130724367024947,0.4652887998624415,0.0250296515711236,0.5887076272028866,0.0671131856170818
30,141,tor_switch,t0,0.5839383544406904,,,,,,,,,0.5611365963230945,0.5603261896506165,,,,0.150720528008754,0.600461948757396,0.8147092493002569,,,0.3348790913000926,,,,,0.6657476661150078,0.7226831134411199,,,0.1887121409217418,,,0.8053844576315246,,,,,,,,,,,,,0.6723919486274146,,,,,,,,,,,,,,,0.6703561476091809,,,,,,,,,,0.2368357157517134,,,,,,,,,,,0.0233905091829055,,0.5141223185602909,0.0550755202826043,,,,,,,0.3674774630595557,,,,,,,,,,,0.4277315406633012,,,,,,,,0.3026718508605072,,,,,0.6517381488759618,,,,,,,,0.9488196652057458,0.53978170300535,,,0.3222201676658134,,,,,,0.4418444321175284,,0.9118800451080628,,,,,,,,,,,,0.3398641708692819,,,0.5789312766927975,,,0.5929968062549921,,,,0.6931507834552684,0.3050177818589566,0.676211942758362,0.1287537206630761,0.9301881186206816,0.2904113442079773,0.6651086486693413,0.5664728033468608,0.2010985762855511,0.2299518805743872,0.8966137157514561,0.6447056195513607,0.9933330002383218,0.7144780417099742,0.6397609799138866,0.1178901842446259,0.629116518095562,0.7053026459362797
31,141,tor_switch,t0,0.9133409151457652,,,,,,,,,0.4359288850343686,0.4779470078683563,,,,0.0332081552158054,0.0340212142178646,0.500914978251441,,,0.0339009372362867,,,,,0.6025139813273576,0.5392259309339297,,,0.4160486043831328,,,0.5899599974483296,,,,,,,,,,,,,0.3684476398350313,,,,,,,,,,,,,,,0.7525603066789811,,,,,,,,,,0.4817662499087042,,,,,,,,,,,0.3705433452498609,,0.8042764115719458,0.0901662395513011,,,,,,,0.507251281674244,,,,,,,,,,,0.946676489181408,,,,,,,,0.227127496274983,,,,,0.7948320697863595,,,,,,,,0.4186939525719994,0.168212826012869,,,0.1534570839409617,,,,,,0.8876271546256972,,0.4191473834607796,,,,,,,,,,,,0.0505348784676631,,,0.3490172907002554,,,0.9117669376261917,,,,0.2357196849912775,0.1559299175991457,0.6618102858862364,0.434272155524379,0.0523374453569458,0.5740103335534593,0.712214843488573,0.3129142601738975,0.2479683096282223,0.2795790733254966,0.408992806345807,0.2177175473412027,0.9040074830742038,0.7567288570935414,0.6968800162039535,0.4698575355315911,0.0927851154440836,0.73806898241526
32,141,tor_switch,t0,0.2153658543874701,,,,,,,,,0.4167561371618112,0.9443570301441911,,,,0.8828372954832407,0.8043790740394369,0.6003602976164577,,,0.4271174141535225,,,,,0.2355125509641408,0.496900289615625,,,0.4733634445396406,,,0.5930064792049619,,,,,,,,,,,,,0.3460005672540434,,,,,,,,,,,,,,,0.0666449525677201,,,,,,,,,,0.2055500327647152,,,,,,,,,,,0.4592820523150163,,0.1067831403941144,0.6390045831127629,,,,,,,0.9027864114403068,,,,,,,,,,,0.3472752805868856,,,,,,,,0.726166899846279,,,,,0.8479833894954245,,,,,,,,0.5032529415003824,0.1107758251494066,,,0.6753629299771674,,,,,,0.6493315469823122,,0.2341006432100959,,,,,,,,,,,,0.6956904838261927,,,0.5945779171720488,,,0.3115256423320708,,,,0.2347299265364236,0.181132744454912,0.4167187059359855,0.3838671503802824,0.8312526091822894,0.4729129403048577,0.4382059803340956,0.1957175628402642,0.497465417545333,0.2556610550428299,0.4031437015699273,0.2792154114458782,0.5372860835280291,0.5293500462854162,0.6301407113764448,0.4789154042875267,0.2229965963912265,0.4598287698070521
33,141,tor_switch,t0,0.623135338575747,,,,,,,,,0.0812488710373673,0.1774985719470913,,,,0.3953122854308464,0.1365268594611842,0.2888823425638421,,,0.7609102803012349,,,,,0.6964612168994765,0.2404632260662672,,,0.4893986072974196,,,0.4005553418009411,,,,,,,,,,,,,0.6099786828023028,,,,,,,,,,,,,,,0.7237638914866368,,,,,,,,,,0.5305088200477688,,,,,,,,,,,0.8436827026552938,,0.5879142418388718,0.5328869609062873,,,,,,,0.3777520548538819,,,,,,,,,,,0.7270041365786275,,,,,,,,0.1802419906154655,,,,,0.5309702977923659,,,,,,,,0.858487212315949,0.9172457787489592,,,0.8128338041385759,,,,,,0.6407095896662532,,0.6791528142252544,,,,,,,,,,,,0.3223109471186154,,,0.5206046638708793,,,0.7595519652334292,,,,0.2855225458374973,0.4006191714585704,0.6552648320880913,0.133235199068773,0.6482305635692079,0.390109244335987,0.3657090862725436,0.8438241794370117,0.0491471228647472,0.3319816201075155,0.2739356221234236,0.1738347986396533,0.1850518692381453,0.4447010052569161,0.2330700862407435,0.0165229424627725,0.3492112890864918,0.9415619516876288
34,141,tor_switch,t0,0.9344962601257764,,,,,,,,,0.955706935750303,0.2811677059195412,,,,0.8046194399434743,0.8426184405586299,0.246499444767121,,,0.7528283850274649,,,,,0.1142187657753884,0.0527061827313185,,,0.2172467001860457,,,0.6401067565796023,,,,,,,,,,,,,0.3657975777923504,,,,,,,,,,,,,,,0.3162308905537919,,,,,,,,,,0.2196498974740349,,,,,,,,,,,0.4936251484763538,,0.3257751395011224,0.7530325440385595,,,,,,,0.4487183753412819,,,,,,,,,,,0.1310666044101908,,,,,,,,0.8193830203678342,,,,,0.1692172500303019,,,,,,,,0.8838876019166575,0.9377512413330612,,,0.7346979125702797,,,,,,0.6441671617164393,,0.3849896336075051,,,,,,,,,,,,0.6173764682731431,,,0.0794177179065521,,,0.3805547552836534,,,,0.5455954601952905,0.6691943863757329,0.9969512195103448,0.725279389332074,0.5553138291941129,0.7972330723869515,0.805037461358904,0.7112380929920363,0.048577981899762,0.5860830257009167,0.4664075509102515,0.2290080322491415,0.2936227408189696,0.7695154089514801,0.9690370007686157,0.5146171175767614,0.9293480744439137,0.4811588717286812
35,169,tor_switch,t0,0.59964059752451,,,,,,,,,0.4488703474899629,0.1687686810873629,,,,0.9136619840110668,0.8378568712865276,0.5113469465195524,,,0.5515606513727493,,,,,0.667914471398779,0.8171032893364156,,,0.4169477304215102,,,0.4656548832197504,,,,,,,,,,,,,0.3174937382444677,,,,,,,,,,,,,,,0.564862649287652,,,,,,,,,,0.8336793249910647,,,,,,,,,,,0.4367647148581619,,0.4403648136128176,0.2774094324811392,,,,,,,0.5895285497010181,,,,,,,,,,,0.9028995979622492,,,,,,,,0.1615988576474699,,,,,0.4322856050107002,,,,,,,,0.6083511139608814,0.9071633783065634,,,0.9156059343927104,,,,,,0.3790782018051133,,0.7828531438661018,,,,,,,,,,,,0.8315955755859382,,,0.5426997155466571,,,0.2375268256187682,,,,0.342481022616996,0.3602450465696454,0.1823850422760355,0.0032627633204816,0.2501010762578354,0.5822356892667948,0.7928335588624524,0.1037369936796738,0.1017298047828507,0.960681201045739,0.3003433402371246,0.3290302307831833,0.6859999672956194,0.8417366045511013,0.5586781348543572,0.0395848018502724,0.5819683979257718,0.9905749642098112
36,169,tor_switch,t0,0.8236310979469099,,,,,,,,,0.9189910293617298,0.1269276825794874,,,,0.2877987381931464,0.126354006892593,0.7575330278461198,,,0.3433248119458616,,,,,0.1071294780192141,0.685635134945641,,,0.295000989575525,,,0.7640156720785375,,,,,,,,,,,,,0.5391173645905358,,,,,,,,,,,,,,,0.0862392847994913,,,,,,,,,,0.5665146590741758,,,,,,,,,,,0.5568694836127565,,0.4466995765333993,0.4233423865681721,,,,,,,0.5914824150055833,,,,,,,,,,,0.9571188043940174,,,,,,,,0.9369771875105584,,,,,0.5965554581889599,,,,,,,,0.8095072176370921,0.9902568831504605,,,0.885279007170138,,,,,,0.4514147708318865,,0.4748699144426761,,,,,,,,,,,,0.7994955219640874,,,0.6787541050077768,,,0.562451556473132,,,,0.5494494800762613,0.6534136887005096,0.0683016290607939,0.2531049371098636,0.7628230996657955,0.3360211040010554,0.6948624628664347,0.0521165966668274,0.9883943212034848,0.2111851971994482,0.2714870694863283,0.238620424990039,0.6109509108060412,0.5234953657552408,0.0623945258776597,0.6195317845758347,0.2948420873103178,0.9789173670386748
