,IncidentId,EntityType,Tier,CpuSyslogErrors_pers_1h,InterfaceDownDuration_mv,HighInterfaceUtilT3WAN_mv,NtpError_mv,MemErrors_mv,FIBErrors_pers_1h,DuplicateIP_mv,LinkStatus_mv,HardwareErrors_mv,NGSvsMSAssetName_mv,VoltageError_mv,defaultMTUSize_pers_1h,NGSvsLLDPWAN_pers_1h,NetscanPayloadPathsMultiple_pers_1h,NGSvsLLDPt1t0_mv,InterfaceUnsecured_pers_1h,Hw3Drop_pers_1h,BadOSVersion_pers_1h,HAFailover_pers_1h,SystemUsageHigh_mv,PfcPauseFrames_pers_1h,DupDeviceName_pers_1h,NetscanPayloadPodSetPaths_pers_1h,HighInterfaceLinkUtilization_pers_1h,PortExhaustion_pers_1h,ServerTorPktDiscards_pers_1h,JuniperSSGStateChange_pers_1h,GraphMissingMgmt_mv,ServerTorInterfaceErrorsCountThreshold_mv,SSHReachability_pers_1h,HSRPStateChange_mv,TooManyT1sDown_pers_1h,NGSvsMSAssetSN_pers_1h,MaxprefixExceeded_pers_1h,ServerTorInterfaceFlaps_mv,ISISDown_pers_1h,SONiCErrors_mv,ServerTorInterfaceErrorsPercentageThreshold_mv,DeviceDataPlaneDownBGP_mv,FIBErrors_mv,PingmeshPktLoss_pers_1h,FanFailure_pers_1h,IBCongestedBandwidth_pers_1h,NetscanPktLoss_pers_1h,BGPGlobalShutDown_mv,NGSDuplicateStaticIP_pers_1h,TemperatureErrors_mv,SNMPHighMemory_pers_1h,BgpDelay_mv,SnmpCpu_mv,FabricDegraded_pers_1h,NetscanPayloadPathsMultiple_mv,LdpDown_mv,NGSvsMSAssetName_pers_1h,PhynetInterfaceFlaps_pers_1h,InterfaceDownDuration_pers_1h,MaxprefixThr_mv,DupDeviceName_mv,LdpDown_pers_1h,NetscanPayloadPaths_pers_1h,ServerTorPktDiscards_mv,SnmpReachability_mv,SpanTreeErrors_mv,CPVPolicyFailure_mv,SONiCErrors_pers_1h,NetscanPayloadPaths_mv,HardwareErrorsSev2_pers_1h,MultipleReboot_mv,PhynetFCSErrors_mv,ProcessShutdown_mv,LPMUtilization_mv,PowerSupplyDown_pers_1h,DefaultRouteMismatch_pers_1h,SpanTreeErrors_pers_1h,HAFailover_mv,IBBandwidthSpeedMode_mv,DupStaticIP_mv,BgpDelay_pers_1h,NetscanLinksMultiple_pers_1h,FabricDegraded_mv,BGPFlap_mv,SoftwareErrors_mv,DuplicateSerialNumber_pers_1h,NetscanPktLoss_mv,DeviceReload_mv,GraphMissingMgmt_pers_1h,TooManyT2sDown_pers_1h,InterfaceUnsecured_mv,MultipleReboot_pers_1h,BGPHoldTimer_mv,TORReboot_mv,NetscanPayloadAlertPodSetPaths_mv,NetscanPayloadAlertPodSetPaths_pers_1h,IBBandwidthSpeedMode_pers_1h,IfOperStatus_mv,BGPHoldTimer_pers_1h,ServerTorFCSErrors_mv,DeviceDown_mv,NGSvsLLDPWAN_mv,BGPDown_pers_1h,SONiCSNMPHighCPU_mv,DiskFailures_pers_1h,OSPFDown_pers_1h,JuniperSSGStateChange_mv,NetscanBadDevice_mv,NetscanLinksMultiple_mv,NonProdWithProdTraffic_mv,DefaultRouteMismatch_mv,LinkStatus_pers_1h,PowerSupplyRedundancy_mv,ExceessiveSyslogs_mv,NoSysLog_mv,PhynetPktDiscards_mv,HAIneligible_mv,PortExhaustion_mv,PhynetInterfaceErrorsCountThreshold_pers_1h,BGPFlap_pers_1h,SONiCSNMPHighMemory_pers_1h,IBCongestedBandwidth_mv,NtpError_pers_1h,PingmeshPktLoss_mv,defaultMTUSize_mv,CpvBackup_mv,PhynetFCSErrors_pers_1h,SoftwareErrorsSev2_mv,ExEraseExecutions_pers_1h,IBUFMTimeDifference_mv,IBLinkDown_mv,HighInterfaceUtilT0T2_pers_1h,SnmpLoopbackReachability_pers_1h,TempSNMP_mv,GraphMissingUplink_pers_1h,NetscanPayloadAlertPaths_mv,SnmpReachability_pers_1h,PhynetPktDiscards_pers_1h,NetscanPayloadPodSetPaths_mv,MgmtInterfaceFlaps_pers_1h,LPMUtilization_pers_1h,DupManagementIP_mv,PfcPauseFrames_mv,NetscanPayloadAlertPaths_pers_1h,CPVPolicyFailure_pers_1h,TeamdExpired_mv,DeviceDownFlood_pers_1h,HAIneligible_pers_1h,PowerSupplyRedundancy_pers_1h,ExEraseExecutions_mv,IBLinkErrorRecovery_mv,BadOSVersion_mv,ServerTorInterfaceErrorsPercentageThreshold_pers_1h,TeamdExpired_pers_1h,SSHReachability_mv,SnmpVoltage_pers_1h,Tier1TrafficOutlier_mv,HardwareErrorsSev2_mv,TacacsUnreachable_mv,MaxprefixThr_pers_1h,ServerPingmeshPktLoss_mv,LineCardDown_pers_1h,IBUFMTimeDifference_pers_1h,HSRPStateChange_pers_1h,SnmpLoopbackReachability_mv,PowerSupplyDown_mv,TacacsUnreachable_pers_1h,IBLinkDown_pers_1h,NoGoldConfig_pers_1h,NGSvsLLDPt1t0_pers_1h,NGSvsLLDPt1t2_pers_1h,ServerTorInterfaceErrorsCountThreshold_pers_1h,DeviceDataPlaneDownBGP_pers_1h,NoGoldConfig_mv,DuplicateSerialNumber_mv,DupManagementIP_pers_1h,SnmpVoltage_mv,MgmtInterfaceFlaps_mv,SyslogOutliers_mv,NonProdWithProdTraffic_pers_1h,TORReboot_pers_1h,NGSDuplicateStaticIP_mv,ServerPingmeshPktLoss_pers_1h,CpvBackup_pers_1h,NoSysLog_pers_1h,NGSvsLLDPt1t2_mv,DeviceDownFlood_mv,TemperatureErrors_pers_1h,ISISDown_mv,VRRPStateChange_pers_1h,Tier1TrafficOutlier_pers_1h,DupStaticIP_pers_1h,SyslogOutliers_pers_1h,SnmpCpu_pers_1h,VoltageError_pers_1h,DeviceDown_pers_1h,PhynetInterfaceErrorsPercentageThreshold_pers_1h,TCAMAboveThr_mv,CpuSyslogErrors_mv,NGSvsMSAssetSN_mv,Hw3Drop_mv,HighInterfaceUtilT0T2_mv,TCAMAboveThr_pers_1h,TempSNMP_pers_1h,OSPFDown_mv,TooManyT2sDown_mv,HighInterfaceUtilT3WAN_pers_1h,DuplicateIP_pers_1h,BGPGlobalShutDown_pers_1h,VRRPStateChange_mv,DiskFailures_mv,FanFailure_mv,ExceessiveSyslogs_pers_1h,PhynetInterfaceErrorsPercentageThreshold_mv,ProcessShutdown_pers_1h,LineCardDown_mv,SoftwareErrors_pers_1h,NetscanBadDevice_pers_1h,HighInterfaceLinkUtilization_mv,PhynetInterfaceFlaps_mv,ServerTorInterfaceFlaps_pers_1h,QCHardwareDrops_mv,GraphMissingSerialConsole_pers_1h,SoftwareErrorsSev2_pers_1h,BGPDown_mv,MemErrors_pers_1h,MaxprefixExceeded_mv,SystemUsageHigh_pers_1h,IBLinkErrorRecovery_pers_1h,IfOperStatus_pers_1h,GraphMissingSerialConsole_mv,TooManyT1sDown_mv
0,223,cluster_switch,t0,0.9181599273258934,0.9594520742693642,0.3723410083183137,0.7428196581293685,0.6259635858863041,0.2003005322560855,0.9165320229502152,0.7833340647482187,0.6134660467651921,0.9333677072982454,0.0478699979743114,0.9839310096144056,0.3864081179478201,0.8377595215952536,0.7642654760251624,0.89397003596232,0.8946847615282669,0.4994044259423592,0.7051709014831127,0.1769665206008028,0.5658285818335165,0.6832862036711934,0.9395195487987044,0.4457283958874203,0.5360237777116852,0.0447285260637665,0.1688177257374457,0.3434559853808692,0.0253063432083192,0.7855194523982704,0.880068246326809,0.1448394381718011,0.2366538516135135,0.3117820540520015,0.4912851468370873,0.967348975873152,0.7274225544970913,0.2802672623724698,0.7189995583050128,0.9616956627373796,0.2528010120430148,0.7140562809477895,0.861392213484114,0.3562162477485823,0.9797786718578144,0.5341190715124904,0.3440658372855859,0.1194810799606586,0.90813084549659,0.7993502614236397,0.8302924639381517,0.1485271150692432,0.6045147304596734,0.8696044504223305,0.6361751681990279,0.4850493597770294,0.8810476607974121,0.901343179743028,0.9920949629831496,0.1304224867680645,0.7647743956686612,0.3661404168348547,0.4122921592856271,0.4687105472061824,0.5421279687066906,0.1747381452813965,0.3070619936684151,0.7608170362848958,0.6421286427648815,0.0949428331510379,0.8976360018361539,0.9736881787020376,0.6451953325059859,0.2278316407498226,0.1816418920491875,0.444867680087641,0.7545919364294558,0.789929988224577,0.9159085368783108,0.0092719432549415,0.6778079372816601,0.876026844123488,0.4572194921811784,0.4749616225222349,0.4322869219633508,0.9794229199608224,0.1190120371213945,0.7388028787616986,0.2291899788399058,0.8891956501476961,0.791196379526616,0.7157483828390565,0.2717476831963055,0.3748505694486296,0.4945030716991737,,,,,,,,,,,,,,,,,,,,,,,,,,,,,,,,,,,,,,,,,,,,,,,,,,,,,,,,,,,,,,,,,,,,,,,,,,,,,,,,,,,,,,,,,,,,,,,,,,,,,,,,,,,,,,,,,,,,,,,,,,,,,,,,,,,,,,
1,237,cluster_switch,t0,0.8552821414182267,0.798453079359957,0.9100889290021312,0.8392564937739094,0.9932901744923224,0.7590131307974604,0.465548199986783,0.5369888763520673,0.6156516365092799,0.8361208014305851,0.5288093597780499,0.4658035864717095,0.9889526440085292,0.4456228542133158,0.3593348749049501,0.954819621107872,0.0394947224672505,0.7829075576947633,0.8054358438984104,0.2084163703598053,0.8501122701287418,0.9215650630532572,0.2920524012610818,0.9340838424828194,0.3229250824012571,0.5579158002612662,0.8294973763946545,0.7965436466537488,0.8078211175621035,0.0941104190320167,0.6821578916016702,0.5051548774872721,0.7391003718222697,0.4099752233484515,0.8179241432827961,0.2868950636340113,0.4745319269225773,0.5468273376965805,0.4164095521265851,0.4373418548317721,0.901397870602788,0.0384772809545427,0.7950038004797357,0.2172198575669054,0.5922927010841906,0.5294875150677087,0.5655790419650012,0.6203672026715448,0.5756996070447484,0.480359661596187,0.7520363736354966,0.534077030560061,0.8228571515362948,0.8063668456071548,0.3762083440067458,0.239263469434645,0.2955799093529214,0.7018612756884501,0.7590042839490159,0.5617281489369627,0.8230050735689887,0.2679473396520717,0.5950146364924335,0.6612221314256086,0.133639517681919,0.9190985730096168,0.4868227064225392,0.8950777352402655,0.5690850955283552,0.5886926700417402,0.6977722158218667,0.1028059396118492,0.1470222374292087,0.730782117663068,0.4003260414506603,0.5398498904725222,0.9669655027107537,0.6522252475080916,0.4947754334918195,0.2155132585737655,0.3368021560567503,0.9959401035074684,0.6119935030402971,0.8433094883511068,0.506242584169204,0.3559841204113437,0.7959462313642176,0.3460725374807659,0.3914782896574764,0.22122745906083,0.6902648748548504,0.1340140160994112,0.7597104340561639,0.6339386243637435,0.5126714380723362,,,,,,,,,,,,,,,,,,,,,,,,,,,,,,,,,,,,,,,,,,,,,,,,,,,,,,,,,,,,,,,,,,,,,,,,,,,,,,,,,,,,,,,,,,,,,,,,,,,,,,,,,,,,,,,,,,,,,,,,,,,,,,,,,,,,,,
2,237,cluster_switch,t0,0.8533454137071534,0.9150780569172232,0.8027095949859748,0.8364313434448788,0.9510518492522771,0.6020679400342832,0.6952427241943768,0.6285344068382133,0.8985006882164496,0.754107747161568,0.8996306142186823,0.666029156691927,0.9143086745613956,0.3930190955743109,0.9005203004696402,0.6492105316300534,0.9512674827041716,0.5111714300758674,0.9777817343744404,0.7108367705940322,0.8386854587243794,0.3571135749804024,0.3691274188762724,0.7956835296465771,0.7554130746146701,0.6551473610525257,0.9308770002804168,0.7411254833342256,0.6134426618690726,0.9994798004993865,0.6070531536911348,0.4326226424944798,0.9698584044044488,0.9965588682090778,0.2965258094993217,0.1124699019110732,0.4734108280574143,0.8938878920917421,0.637143332149449,0.82251452654867,0.9101042980281756,0.6244801297616336,0.284931892229961,0.2230551115598488,0.1956091786432829,0.3855761560688203,0.9070262702134012,0.3885034166521869,0.6865952990008274,0.9000496901710794,0.3767304242117427,0.9891409376829736,0.2598088422387817,0.4347296587470509,0.91545869094421,0.3453057210093238,0.3118226563887478,0.4049575165758778,0.1516714930502939,0.4546978147190464,0.7852827152053217,0.9360858903053434,0.8292497847569595,0.80119564040796,0.4964804851050021,0.5144955279281112,0.6059933098452519,0.7594269032846354,0.1686511674806703,0.7964234576261462,0.6422437322169653,0.294975040794561,0.9520575250384234,0.954068963230546,0.4424055296823004,0.8415056344050614,0.5166575160593957,0.1863538523103095,0.1764504916735385,0.7936436269075493,0.6896426911288333,0.6663041897157819,0.1558051019116062,0.3861763030700479,0.3321008006569043,0.6582831200542537,0.2976675322422789,0.6060367565066987,0.0476217022744414,0.504392729953744,0.636459975290476,0.8364730573069511,0.9753126074757732,0.4919765592303543,0.4998512785958854,,,,,,,,,,,,,,,,,,,,,,,,,,,,,,,,,,,,,,,,,,,,,,,,,,,,,,,,,,,,,,,,,,,,,,,,,,,,,,,,,,,,,,,,,,,,,,,,,,,,,,,,,,,,,,,,,,,,,,,,,,,,,,,,,,,,,,
3,155,cluster_switch,t0,0.7490116484003873,0.4057950051856008,0.694512862970972,0.7252616195289889,0.9427009091467752,0.9384129854775194,0.652173263557661,0.662692649163847,0.3191991705825688,0.1426031230272985,0.9399667770374224,0.9105565163501272,0.903246623565568,0.7816088477246632,0.4440518025626948,0.8023759036736162,0.8573052177640489,0.9696030473308028,0.114091464894972,0.8114489063187473,0.0770627221186671,0.4249224361773677,0.9717537165771728,0.690776872800692,0.640227544836939,0.9870556144402876,0.6665796609058801,0.611486276424172,0.6971302039907669,0.5764619967062653,0.2204981809052825,0.895353122434699,0.3953563912001655,0.5044751877982662,0.9213414914971916,0.4978351376898512,0.8511507362463722,0.7621158173161108,0.3557679238566479,0.6646193530435704,0.9682967979330896,0.5960344033657464,0.7248751922231284,0.7363490392776114,0.0884086920762086,0.6836406176933462,0.9885967484127514,0.8630651093550284,0.0708333814192357,0.7618423759716819,0.7534428982199116,0.8874128740593157,0.3775852171035992,0.4053145218013777,0.3693238957409405,0.8026108542897995,0.9232001665508264,0.7341265289525845,0.9702571881374336,0.8466143884446439,0.299643733202441,0.8818879487243568,0.9717590077968488,0.1714274688782469,0.8780108825671303,0.4595241797051635,0.3952412458977481,0.3236677906072615,0.9191945567204836,0.8878928397598544,0.3818738301325016,0.3762640106320229,0.086580986342944,0.9582481245561116,0.9607675681617932,0.2194682113990185,0.0712718665140699,0.1202154273877548,0.6977937053194835,0.5627277959331175,0.9171986408627868,0.8737359912552356,0.8725820240299217,0.6608624709358768,0.6620109727345622,0.9863706386582272,0.9166417410571396,0.5833029088815638,0.3787240639796924,0.4704742576417487,0.2192362192683048,0.2865707535171182,0.6457427947344907,0.8679402155539152,0.3534946141330632,,,,,,,,,,,,,,,,,,,,,,,,,,,,,,,,,,,,,,,,,,,,,,,,,,,,,,,,,,,,,,,,,,,,,,,,,,,,,,,,,,,,,,,,,,,,,,,,,,,,,,,,,,,,,,,,,,,,,,,,,,,,,,,,,,,,,,
4,141,cluster_switch,t0,0.7499495730865989,0.6046654712774664,0.7683498412205386,0.6102266650788993,0.259998415626382,0.9952288285105771,0.6157629131033785,0.9216345411300736,0.8284131548789517,0.773381792709456,0.9861018283647784,0.747471058202206,0.3532194165219905,0.9354631916755194,0.6193132590191796,0.1612082418137006,0.7768653830194578,0.6720162216725349,0.9743487420108476,0.7588615812831317,0.6875983554172462,0.8105651234397238,0.613018821464881,0.2857205191011878,0.4912072091009133,0.6944005996053534,0.8696492643493031,0.7804951609242882,0.7871036386051079,0.7499589516479839,0.2711711651588478,0.9830879506674992,0.6609087742654834,0.5629688735057325,0.6191617813483355,0.9519754139830048,0.5980267879375223,0.8839090881033128,0.8760883759214649,0.1808795804071354,0.2542483512907344,0.7679072989539769,0.6055161081533577,0.9741647871366428,0.8880721520481469,0.4544705414793137,0.8137417548276608,0.3065658251822,0.6052604760955144,0.3996605733362021,0.5136971292550041,0.6520249992967795,0.9062013999443465,0.9075090053101325,0.8507923108718771,0.9228633910011574,0.3922801828805434,0.6340587387377592,0.6527377064651761,0.4378529797663211,0.1735642135499648,0.0970591687888494,0.8742883666556703,0.5816070293495573,0.8423099762002809,0.5496417022791737,0.9815830972046246,0.1680592203637669,0.5592478506168277,0.0385151028587266,0.8981501367937297,0.7100883915066402,0.8000086744333237,0.0975831912825677,0.6482189884560258,0.397337543957027,0.726480599138662,0.3765031956613831,0.5199154562131081,0.9672962680189432,0.8134341150743793,0.0906666172118487,0.9504654528621164,0.606715752664218,0.960080955008684,0.1374227363366251,0.8064834995533665,0.1639833652730538,0.9831157101742868,0.1071857266970213,0.4114225299785777,0.2920010574884502,0.8351845499550458,0.4042792880613118,0.4497837703696971,,,,,,,,,,,,,,,,,,,,,,,,,,,,,,,,,,,,,,,,,,,,,,,,,,,,,,,,,,,,,,,,,,,,,,,,,,,,,,,,,,,,,,,,,,,,,,,,,,,,,,,,,,,,,,,,,,,,,,,,,,,,,,,,,,,,,,
5,169,cluster_switch,t0,0.7078448602125926,0.9920337195117116,0.996413204950422,0.9909144451117384,0.5213608184823255,0.7029336796169575,0.7821636382202624,0.6426301176719084,0.9689383675880964,0.52537046877041,0.6706270705107124,0.6629169332015162,0.7818020577797169,0.7126372000291433,0.7799430716654905,0.8552872333954255,0.6620120177753047,0.98552721129096,0.9507896473655544,0.9499386538672756,0.9235726811794484,0.6311453755366617,0.7075094520764729,0.9665459770991356,0.7886918215948512,0.6467094345875872,0.7806855917538494,0.7297189045334143,0.7654717668176999,0.6975074038977893,0.9732773897656952,0.7523483676305827,0.4840398746845794,0.6391714584483741,0.7881232389815941,0.8266162980021402,0.26600980366049,0.463372279322483,0.4894209690937744,0.6698501971888724,0.5357931749446706,0.9959419847081056,0.0198600293961439,0.917914200591747,0.9453785766253646,0.8249694318531553,0.1294237087478417,0.8900515243199935,0.4624624520227275,0.6186394120952386,0.2283516304954439,0.5940440531641185,0.7223177407171086,0.2458980762853456,0.1391326656363258,0.8201435380292491,0.9677644981228344,0.4091964425894517,0.3820318007856185,0.572167088943584,0.7767764616312132,0.4534851068399282,0.1610090894140675,0.3521738017624246,0.8657532297825429,0.3314961119545783,0.7407581217765831,0.7627798590963814,0.833146238485879,0.8251683033155,0.288714282430368,0.5224177856862421,0.3554304168355486,0.0790099711192892,0.9643626999976184,0.798660298507149,0.0698309333660511,0.8045031063373405,0.0420403160541047,0.8826985844048143,0.0511217113804897,0.2309474643782444,0.6476642939649673,0.123317874716436,0.2821785028710453,0.2845796501165136,0.3079155502350026,0.8162037891738458,0.8180837083350612,0.928624288756212,0.3673341882017645,0.9794742415537776,0.1837083605047614,0.4798232147004718,0.9614335102023164,,,,,,,,,,,,,,,,,,,,,,,,,,,,,,,,,,,,,,,,,,,,,,,,,,,,,,,,,,,,,,,,,,,,,,,,,,,,,,,,,,,,,,,,,,,,,,,,,,,,,,,,,,,,,,,,,,,,,,,,,,,,,,,,,,,,,,
6,169,cluster_switch,t0,0.8330090449399158,0.9096824524491748,0.9143289378868168,0.7179091244323987,0.9317654559562464,0.981015065239815,0.964018096767522,0.8488779204525021,0.7069693767687476,0.868387873900963,0.7397249112019152,0.2592802464008463,0.4316072685907818,0.6095062571968296,0.8670931408663739,0.3691117358158492,0.491725656715583,0.1635717460089185,0.0667373769125931,0.9822764183152172,0.6187779573718076,0.6763864373721994,0.6091246535772975,0.4222736728260327,0.9915712409111012,0.9250271790581874,0.2593040226590987,0.4629771121585437,0.7041383528024939,0.4706324364089456,0.7186379092767324,0.6477739744944736,0.8617629105479974,0.9080571645060188,0.3195670539374644,0.5704074473497572,0.7994013954103577,0.4171117170649507,0.7123925973199886,0.4442982292414182,0.3849684802485378,0.4901389145010681,0.8243052618720073,0.7957406357425355,0.4770039511482385,0.7598285082676388,0.3847452834926946,0.974873214264788,0.7999111634728349,0.1528624035305348,0.612591616503446,0.3396776028147039,0.3846731237381015,0.3627205927708998,0.7529176447310393,0.4502628796022062,0.2490376541835997,0.201636502527356,0.0462599448675695,0.958903606452216,0.3232165184835441,0.9542430474499116,0.1273623855274872,0.8946623730104935,0.2278745878449033,0.970099641161288,0.4390590293256318,0.2383183013638921,0.2336072311406998,0.6885785442957079,0.0786780255488484,0.8921537588867928,0.8867478259463244,0.8192508093732026,0.316315927479933,0.63362956902091,0.7038056888777743,0.8787608207563344,0.9479720443160792,0.4425685483080926,0.3400793552082795,0.0589532724088303,0.1264490014661123,0.6841533094240957,0.6219968715400673,0.3728781992196603,0.5546556784458743,0.5082376093131882,0.9142795004900156,0.62437281142201,0.6071698272470084,0.5059601082160736,0.0894877006032117,0.4960276370223513,0.4733706664037725,,,,,,,,,,,,,,,,,,,,,,,,,,,,,,,,,,,,,,,,,,,,,,,,,,,,,,,,,,,,,,,,,,,,,,,,,,,,,,,,,,,,,,,,,,,,,,,,,,,,,,,,,,,,,,,,,,,,,,,,,,,,,,,,,,,,,,
7,223,cluster_switch,t1,0.2772593542226862,0.8112819201673459,,,,,,,,,,,,,0.5265427948318052,,,,,0.9811323375451696,,,,,,0.1823435456770973,,0.6734666494917281,,0.8741285636333638,,,0.3623322538483818,,0.1318551726294087,,,,0.5200766224597926,0.89941866563222,,,,,,,,,,,,,,,,,0.9304920917375148,,,,,,,,,0.921402772354362,0.3820901102686639,,0.7859963962365489,0.9652586601891652,,,,,,0.8560369487901485,0.6588691170004054,0.6304052590928328,0.5606769135511632,,,0.9093614288780962,,0.2421055754286153,0.8738520071720737,,0.9689888045915276,,,0.8207042034625539,,,0.3486828333884181,0.4898486924567005,0.5229678299104458,0.9170645577013044,0.8296685659006,0.8519077235817866,0.8766480570458426,0.5638027100299816,0.6805455654287377,0.7508948910159272,0.473120467719452,0.9957095660787942,0.771165684292817,0.9732987563523516,0.5183217785603093,0.8205694667078973,0.9655148431304882,0.910188750729711,0.3676605247457145,0.9583813101701544,0.5431638434881989,0.367417508086894,0.9821374598254708,0.7141447219626085,0.465470770608663,0.3494025025321644,0.9771544335287156,0.7284022015165205,0.5023325039758567,0.6028264932738367,0.7735052226875232,0.2072427910963958,0.7167587564512007,0.119114620712653,0.5722820381867093,0.9062430044236456,0.3723977844931078,0.4446872271682828,0.13980842740673,0.3276868662114445,0.8274493018371907,0.3601207007718505,0.998224264370578,0.97146961276955,0.3329311751808697,0.6353319340189952,0.6134915517896713,0.8914093952462369,0.8004435193728504,0.5958179679931552,0.5484789221642211,0.8055898165965895,0.2395726060784654,0.4418004552798421,0.159423589457011,0.7512878393242357,0.5852410907786855,0.542515828409997,0.8286979373527678,0.1050088188080842,0.3321020901327055,0.2842414172171312,0.5148662921899515,0.5007735736030691,0.4273551353956094,0.1030314660660204,0.99529346370604,0.1744213246807561,0.5582638131311418,0.2075980268370211,,,,,,,,,,,,,,,,,,,,,,,,,,,,,,,,,,,,,,,,,,,,,,,,,,,,,,,,,,,,,,,,,,,
8,223,cluster_switch,t1,0.5767618802110248,0.8316599959107103,,,,,,,,,,,,,0.7065009316408248,,,,,0.3994751626097949,,,,,,0.8829466943511919,,0.2263436346878187,,0.9577388422398674,,,0.337141847778395,,0.9320544651771652,,,,0.7346099176298003,0.5582620910372144,,,,,,,,,,,,,,,,,0.9257234110459104,,,,,,,,,0.0770812101355744,0.8968277614174243,,0.8849279658988085,0.5127277670307334,,,,,,0.7091609292684313,0.9907949799288428,0.6353330404617967,0.9095232840189028,,,0.8107908817055911,,0.6878406299133948,0.7649634261121441,,0.2515222060191073,,,0.5189977526945071,,,0.5535113582732979,0.700681582733514,0.0928053108900325,0.8648078292006343,0.8329730804203175,0.4564219002912467,0.8807051968254127,0.965642125296998,0.8929205204460731,0.8334428935617897,0.8267216311319159,0.789404321455374,0.2682851121175583,0.5435972553359663,0.7505604201015058,0.4002161995709729,0.5957965810327465,0.2485909463705835,0.7797578637981195,0.8563828854356564,0.6723232169454586,0.5304453064407288,0.878435888754024,0.2638165083946813,0.9919925901984964,0.854436638920726,0.0732469449319793,0.8053001314063525,0.4094861013650264,0.995828083848928,0.4005639835934264,0.9269140342883458,0.1373287698794054,0.5234481844238751,0.6007251675161768,0.0696120389867568,0.509726800164223,0.9484654221824284,0.9657053434156102,0.6111824236617212,0.5987047605011891,0.5715180004008834,0.2259621546346422,0.4370465530400236,0.7243142701337344,0.3159488986840386,0.8234586104938415,0.9218223493080234,0.2848347078362078,0.9268881041493562,0.5292755698665964,0.9881931757077856,0.6938827573799642,0.7777038894932791,0.9472141633302864,0.3171275746269414,0.6749212345922061,0.867894373899679,0.796483806765767,0.4385714396773322,0.6132950076949282,0.7599872391305756,0.6322935678691701,0.8034550179244317,0.6272074116788241,0.8507656970594369,0.3975960515689467,0.7011531847708313,0.5024309601902036,0.8335420975053596,,,,,,,,,,,,,,,,,,,,,,,,,,,,,,,,,,,,,,,,,,,,,,,,,,,,,,,,,,,,,,,,,,,
9,155,cluster_switch,t1,0.5431935707333195,0.6685564612165477,,,,,,,,,,,,,0.6945695347679463,,,,,0.46180607669501,,,,,,0.9085257603205612,,0.4461930029117137,,0.418120461868415,,,0.7348237195094399,,0.7284441660550268,,,,0.7150502386951021,0.2470205701822204,,,,,,,,,,,,,,,,,0.4404370602157162,,,,,,,,,0.7221959916962529,0.9766424609476128,,0.9144943828744264,0.549006149525262,,,,,,0.8307847301976315,0.9774403530948508,0.5709008283320615,0.9372138113119036,,,0.1025394457929795,,0.3288685459476063,0.4587537743932197,,0.4996635744365724,,,0.5010404983902201,,,0.367215829481423,0.961714749942031,0.7542974155223889,0.8898724804319367,0.9505043376003576,0.8216760240186999,0.545709717326385,0.7925510042487608,0.5305764890332836,0.915873829442583,0.9316076443538698,0.3351603508616491,0.99723462476078,0.7760606030928157,0.7049631008800372,0.798974055445006,0.2646056813418752,0.8912742449535187,0.7652044719002355,0.4832385370903358,0.8669875939556236,0.7214169537059304,0.1489788269865495,0.6299742312283536,0.5956472026340113,0.8146493616550128,0.4516528498582772,0.5820304099560726,0.801043405019378,0.6776475113189158,0.8171358196124993,0.6804697563242725,0.8307999180313055,0.731878731310532,0.9467437859849054,0.8358149780961516,0.9068752380392296,0.6743984916324143,0.2575986360233889,0.4914259531243161,0.1532835914904351,0.6833684781019761,0.6546270201100833,0.4671547273443743,0.764358213039333,0.6888818296271143,0.1932351352970641,0.7261725553214362,0.7250741355363715,0.1530733716910772,0.5026228509399546,0.127795127416711,0.5498351946853753,0.6919096160317212,0.8633254108250151,0.0579674531435115,0.5750807113350708,0.2075871003767684,0.0963060786490964,0.8293261309165098,0.5970521687926655,0.3434109183538909,0.9715911622073596,0.8797076478761405,0.3477283147099109,0.5784851219713608,0.2422096983405374,0.6346204386494001,0.9841317094486548,0.3042190588510814,,,,,,,,,,,,,,,,,,,,,,,,,,,,,,,,,,,,,,,,,,,,,,,,,,,,,,,,,,,,,,,,,,,
10,141,cluster_switch,t1,0.6272725142562477,0.5247650094492584,,,,,,,,,,,,,0.0583954464726319,,,,,0.8144907082561664,,,,,,0.6082591828430367,,0.5229967523799519,,0.145705146338645,,,0.2806555565688625,,0.3495963012399213,,,,0.5528861056339646,0.825464903085916,,,,,,,,,,,,,,,,,0.3590830833132178,,,,,,,,,0.8912838371957066,0.7897305834157827,,0.6220385347583769,0.7454782600688514,,,,,,0.8959070969171151,0.9626925676807612,0.2703664692431096,0.162711150723406,,,0.9254407883549152,,0.8757647438201844,0.0980866992958371,,0.7071888146067471,,,0.875243537625153,,,0.7560455635091909,0.7827109544190353,0.9647652218874496,0.8085018553715654,0.7841451612125501,0.7699218011526606,0.6562328391077232,0.6398511014289111,0.8770307126845429,0.3319438076913669,0.8618230564574806,0.9861338203805312,0.7007164729973144,0.5580275021245401,0.7482486009390231,0.4621576722736739,0.629870096815915,0.6282277462859627,0.6233954881318476,0.7934990352947177,0.3740675822414534,0.84372397403745,0.9517380164119164,0.7504436653175732,0.8798618676568374,0.8204665996405239,0.8020487772473311,0.7855523032945321,0.6606953422181263,0.6717251556862615,0.9003886234989458,0.5808600780123498,0.8405555109625427,0.9813749313622928,0.7122359968364258,0.6056221434194626,0.7097737946405921,0.6306159793165325,0.933312457805088,0.6633636378240411,0.8433678634096062,0.9832893333461312,0.2697262213510993,0.5599985033757721,0.3593416800387942,0.8473446224089827,0.9465751628614228,0.2929207135909473,0.2938378091472439,0.8350954002441664,0.9306109744333964,0.9109917076594432,0.5347876017185289,0.3555141195719414,0.4215490014689669,0.936349041965333,0.1314668585218298,0.5604481683467744,0.274805609513869,0.4284406456522345,0.8439581241940171,0.932030701275234,0.2264716810336891,0.1185316305681556,0.905958690310958,0.1979419395357148,0.9130108056537466,0.4268296022345496,0.0885220570993023,0.4420014380544141,,,,,,,,,,,,,,,,,,,,,,,,,,,,,,,,,,,,,,,,,,,,,,,,,,,,,,,,,,,,,,,,,,,
11,169,cluster_switch,t1,0.7342489362390343,0.3151276021701528,,,,,,,,,,,,,0.6499460296730971,,,,,0.8434319727869334,,,,,,0.8666712325186712,,0.9547025031664828,,0.7066429180013136,,,0.983817128048699,,0.7479350374124967,,,,0.3940867518944955,0.7662931199580697,,,,,,,,,,,,,,,,,0.5418730151830167,,,,,,,,,0.4800401249786484,0.2298926042224013,,0.0209805528157914,0.6288101121974686,,,,,,0.7123603621010587,0.0708299521229153,0.8186504436337816,0.5472713908979426,,,0.0180948609574476,,0.7590733143914719,0.5661594522485522,,0.8393872930114143,,,0.8993603349659514,,,0.8208771493453636,0.3995965752602797,0.904191974747662,0.8603257068761747,0.6207856173205494,0.9809821245518524,0.8695421727615344,0.8526197755244258,0.7504797096893929,0.7784320888051355,0.510421183177637,0.4385121265179936,0.7556762899646429,0.6383737059179404,0.7460468572943838,0.9820479145053878,0.9775122281635036,0.7596846564179084,0.8669349878317626,0.3113515304580184,0.9167236730114388,0.8632928114610604,0.3554199733311506,0.9659207714900188,0.3596231243568322,0.4019148584732979,0.9583854292265088,0.3446007485379768,0.8671152133362323,0.282800615983735,0.3351854525585346,0.7862125993608717,0.6815331995402826,0.8064993322753401,0.3073597464303329,0.7035280360808205,0.6022597310853719,0.3784578874196254,0.7397350359331671,0.9405594577549906,0.6194001306962177,0.4563586801803908,0.8795458564170662,0.5538294500051334,0.7779351576896527,0.5008998752970389,0.3875691014229009,0.1045296023093476,0.8211086773389863,0.4093343954214814,0.4209137943259632,0.0922119363752217,0.8561269733542485,0.5984948605721077,0.4384220679746731,0.7611910908889424,0.8340292120618279,0.6163944814462834,0.791326082707452,0.978933227632328,0.3991140532816815,0.4683972774996309,0.3928620822410525,0.435179179958434,0.4325313150639222,0.986836767257942,0.1713809612103778,0.7506405342861842,0.5343914408836963,0.897303036203755,,,,,,,,,,,,,,,,,,,,,,,,,,,,,,,,,,,,,,,,,,,,,,,,,,,,,,,,,,,,,,,,,,,
12,223,switch,t0,,,,0.8418606359518581,,,,,,,0.799479386577309,0.0049115412776897,,,,,,0.9332232160811956,,0.6188611180923909,,,0.6824292721727868,0.2445464721277823,,0.9153367693340608,,,0.6550511159951219,,0.6662831266286805,,0.4018624343654252,,,,,,0.653219359731117,0.2148412425401284,0.9020866325517316,0.5628129203839807,,,,0.368018546132228,,0.6647129062546898,0.8021373181031276,,0.3163486270479534,,,,,0.8743852201655979,0.2124444920458886,0.5692400758788918,0.9528218413237156,0.6374124945638299,0.8425498001723615,,,,0.9934078026337482,0.5152896053228666,0.6807922917125502,,0.9404141452141492,0.4839506872701302,0.2791164247165111,,0.306115012838615,0.9356947083043934,,,,0.7260831351456798,,,,,0.7670224702007519,,,,0.8007571055887047,0.3561672928677868,,,,,0.4708340424216748,,,,,,0.8223336838478997,0.1050177809551031,,,,,,0.8534970489708282,,,,0.6191071732085749,,0.3743200402551002,,0.7243015164222852,0.8783737197810061,0.097328475066358,,,,0.0808074492139594,0.091493405544233,0.5635710788512402,0.8699498962921549,0.5234425524460742,,,0.5716090912166122,,,,,,0.6513100079984556,,,,0.9054843249416308,,,0.8452635262480166,,0.6756552254228527,0.7578188106420344,,,0.3531675938949553,,0.1364494557249601,0.2093266088609235,0.5311163613063158,,,,0.3629027439398233,0.8204743635935321,,0.9729934614355654,,0.2729510181254342,,,,0.8440393404121677,0.8569077256633756,0.6079917441177899,0.7231521198132008,0.6974547623979362,0.628065830543674,0.2887972397862905,0.2450762577636447,0.2465873317137749,0.2459748032277369,0.5156019255655641,0.898784970208554,0.8538179464968362,0.691774074351756,0.9021106718112852,0.2829330832615012,0.7899932173044528,0.2472822259603718,0.843311784521237,0.1839515150711927,0.3442652340253408,0.8788254504704661,0.8200722285460659,0.8825619671429483,0.1012982432453903,0.2524080174230162,0.3194791545568596,0.4806076289767195,0.837541421290354,0.9561130600522884,,,,,,,,,,,,,,,,,,,,,,,,,,,,,,,,,,,,,
13,237,switch,t0,,,,0.9384843481016832,,,,,,,0.5196475280846171,0.3891333005181846,,,,,,0.3796795381979031,,0.8442408554735542,,,0.9765058836783558,0.830774073770786,,0.8540846356349816,,,0.2441464912928949,,0.8999275776678587,,0.8889478605893933,,,,,,0.7274462904936622,0.9238469386353652,0.9173874853726206,0.6547524816153993,,,,0.6283969886954991,,0.8930801881417857,0.8377039563734953,,0.9628098307507528,,,,,0.2451622483261931,0.6055843989909118,0.3049880496240339,0.2752573626803093,0.1525112271044078,0.3997674634292032,,,,0.0533993780668722,0.9706936532610216,0.70335479380664,,0.554822504703307,0.3652212537134118,0.3871411738408661,,0.6438942553707745,0.0339851260457327,,,,0.1649628590515049,,,,,0.7384158675366833,,,,0.8163433638875636,0.7372087612262925,,,,,0.9534177840142284,,,,,,0.8225008939442136,0.481391313988031,,,,,,0.7908147836753893,,,,0.6341471293505899,,0.9778874729666504,,0.3638102752150882,0.4557303431647308,0.1461503391894725,,,,0.6365081747927616,0.1669552585137126,0.1611743207402256,0.9436743880733732,0.5489004969335922,,,0.141066436876207,,,,,,0.5505279022113073,,,,0.5100697683908677,,,0.973363462629796,,0.7892351579488456,0.5186590586849753,,,0.516305022854075,,0.9580426760933798,0.7775404001175881,0.1840840468869862,,,,0.7242736713465967,0.980249758367632,,0.3695702414176581,,0.8086422404833615,,,,0.7587771852994631,0.7037180072744962,0.7831841966952453,0.9436751369517604,0.9179429397442436,0.8249062727496365,0.7411354431284852,0.9464666572354036,0.9202991241089556,0.9750760714409212,0.3656174409170603,0.4429971739843832,0.6741048411601073,0.7206083572177456,0.3791296789923299,0.7053010040771897,0.794082551082621,0.9507953803677124,0.5280998906174178,0.4634113653975696,0.3505069628386967,0.3406611776776528,0.2441656913574404,0.966717902088056,0.1905308705171051,0.8322879956931952,0.71052544843621,0.5634970044934638,0.0561456847604248,0.1393847065011152,,,,,,,,,,,,,,,,,,,,,,,,,,,,,,,,,,,,,
14,237,switch,t0,,,,0.6124425570693598,,,,,,,0.758652845761999,0.9360325201303192,,,,,,0.7872086904802774,,0.9491392991468588,,,0.6124624452867724,0.0225403236940835,,0.9890934898775716,,,0.941935485480078,,0.5479968479925489,,0.7541311761811849,,,,,,0.4132993927602093,0.3878503062712507,0.5789119521124374,0.7267826456679379,,,,0.2481579201605758,,0.6912825417953509,0.1591138662503053,,0.599672047845516,,,,,0.6674667338552029,0.9293083650729932,0.8549710838325276,0.3715103005713482,0.5424316700147459,0.1870935090357992,,,,0.3839596144260959,0.1213171274716081,0.5795053765388198,,0.9573901635284804,0.2985330142686576,0.3578778120092442,,0.5861235565614666,0.6098665929593211,,,,0.4186219549753864,,,,,0.97960611664452,,,,0.7520294679127913,0.6304795754589583,,,,,0.9215878951977876,,,,,,0.762618508530441,0.877915187488766,,,,,,0.2716110845140239,,,,0.6689435550871426,,0.7287409358900416,,0.0940891454456127,0.2457284376083786,0.8645236599541841,,,,0.9879423926592078,0.9846100773958992,0.6553853406315885,0.6980960334372308,0.9040540101936616,,,0.229142614607763,,,,,,0.9107810167484276,,,,0.2831394244362901,,,0.9498379109670836,,0.3770940737579367,0.6481617151219592,,,0.4141089636613621,,0.1371776235826319,0.2607676951243307,0.8277640283037192,,,,0.6767695544021444,0.3060667970716501,,0.77434103493677,,0.8610535207602007,,,,0.7996151628176104,0.4276923551672835,0.9393970775714324,0.3931759108073507,0.8994757608281181,0.575827623300392,0.7057374781206309,0.2461072757574067,0.7242208096894752,0.8378680042062525,0.6108710341296232,0.8032990387790762,0.5340654827145662,0.9803199885021768,0.8996449460846097,0.4911050807638545,0.5824002750688491,0.0498383106963256,0.2918033136529634,0.9038535534406203,0.8124368653544808,0.44027868204356,0.5146251677262519,0.5613216111154228,0.6595617794824757,0.7976390645414421,0.8704316434664565,0.5598289589593972,0.9473129298405966,0.0875128904561314,,,,,,,,,,,,,,,,,,,,,,,,,,,,,,,,,,,,,
15,155,switch,t0,,,,0.2660456782353414,,,,,,,0.328632467111608,0.9692606756187424,,,,,,0.1397996354687906,,0.1799357708263954,,,0.6310331471181946,0.7676757058674725,,0.5179320866718674,,,0.8393845013745145,,0.601036182368683,,0.0501818367107945,,,,,,0.7182840020922983,0.6599858366528525,0.128523210713112,0.5274036811225405,,,,0.7873853836096789,,0.6460605931677715,0.4227873924870284,,0.2862138044666663,,,,,0.5703181157377054,0.221667482702636,0.3196965264887936,0.9531495407963192,0.803453653520916,0.6794098438853302,,,,0.3636590792359743,0.7652022448379224,0.614931194097889,,0.200867937846161,0.9398204896710356,0.9621170681327268,,0.728247089310838,0.3707605032894387,,,,0.6425373920883893,,,,,0.915824877228712,,,,0.8232110260153164,0.4156851888476077,,,,,0.8629151246597024,,,,,,0.4377319942473614,0.9866408663038666,,,,,,0.6788919669969248,,,,0.8793142705536579,,0.3551087560775873,,0.9252780112944484,0.9103173377547362,0.8894264525444888,,,,0.9509007079735234,0.3646451084005608,0.3271596671231045,0.0396335992702532,0.7484030315744936,,,0.6951325657311966,,,,,,0.3573074204153479,,,,0.3872113603135836,,,0.7384094978058448,,0.3604182751802439,0.2655193267521731,,,0.7032900058792934,,0.8575384842344025,0.8312147315383251,0.6793354676080336,,,,0.6520861802517476,0.5778303451487086,,0.3744364041525923,,0.6117589363358484,,,,0.6928289021314981,0.7270644539367814,0.2074660757969437,0.8376729521543929,0.5173372758645899,0.847365376630055,0.4725362685654525,0.9697245788324228,0.9919187497851096,0.6200267541111234,0.7948497025031983,0.6668036910283291,0.2740406676899942,0.0682920832509893,0.4163946427319924,0.7077605355343003,0.2003263253150095,0.5991769651529729,0.9192336614283332,0.5745026563456578,0.3658458638016585,0.3723816593500177,0.9687569474839266,0.7318941593638919,0.9379887826709108,0.6599614158400201,0.5288502450577879,0.606450226687595,0.4256873712030742,0.9286148342014549,,,,,,,,,,,,,,,,,,,,,,,,,,,,,,,,,,,,,
16,155,switch,t0,,,,0.6695018013381836,,,,,,,0.7748085557677911,0.7679841046653514,,,,,,0.9736287473183614,,0.7034245531160601,,,0.5818323693399078,0.1540830454962911,,0.1248609456830214,,,0.4135282072973424,,0.090492135340445,,0.3359032391985997,,,,,,0.7111049103726887,0.3263975640473396,0.7639734574310425,0.6225709019563441,,,,0.5289504270007699,,0.674422460781457,0.709595653481842,,0.8155207183572085,,,,,0.9550435473367166,0.8546657308320983,0.93854456675442,0.7800121282642322,0.5806767725014005,0.8956294797465203,,,,0.943397468853234,0.8850347895750501,0.9820602068682008,,0.2983586985544403,0.9290932577735684,0.2313099728702304,,0.5431179422371312,0.173811973176144,,,,0.9270674369040062,,,,,0.3768827975538953,,,,0.735659203986638,0.6523404975483166,,,,,0.1266596089735396,,,,,,0.9667156385772464,0.6051686097658877,,,,,,0.1997151060030695,,,,0.8641309778425015,,0.9416767636003184,,0.8843269863580018,0.2420618195151264,0.930057002528363,,,,0.9354034790196006,0.8202139957128624,0.7652351176578057,0.8250466335344289,0.344246331187729,,,0.8523475961390087,,,,,,0.7375152068157709,,,,0.5639439419415909,,,0.8553136108420212,,0.9809915052254542,0.9342340411995138,,,0.5206591119699039,,0.8971196247262025,0.8433212421049785,0.7218343079390273,,,,0.7869865668464087,0.6581126311804267,,0.9848958768992968,,0.7666581476252312,,,,0.9090360569873024,0.5650815611965181,0.7111002828898562,0.2150062490805059,0.5882998036071486,0.4831725111539247,0.9240409792592,0.7763611121839433,0.0719565712669215,0.1985147017167502,0.8313728439948056,0.2788093174718568,0.6017728623461598,0.7851488514041083,0.9118486544659908,0.9089246334026376,0.6947179113390551,0.983115777689362,0.1733373955205654,0.9135429487290224,0.6434137457086788,0.4420336677042557,0.0495602208935824,0.0880057164114205,0.8484082239024613,0.5243101794296843,0.4868645927981749,0.796193502045052,0.700501512232772,0.0643804687340832,,,,,,,,,,,,,,,,,,,,,,,,,,,,,,,,,,,,,
17,141,switch,t0,,,,0.6001292320906642,,,,,,,0.3303335818382262,0.5462133798929311,,,,,,0.26685904656247,,0.0161371418873613,,,0.0639902587569416,0.9604948586163587,,0.9675619217624826,,,0.9281590754544052,,0.5063297563079011,,0.6478239460154254,,,,,,0.4967516563908533,0.8973632300866827,0.3916982752875626,0.9913253342025524,,,,0.819538804925496,,0.850208735570862,0.6586188521679474,,0.9539348939831004,,,,,0.5963589908361645,0.999097763842934,0.1641976053716158,0.554953678106013,0.3693696001187169,0.6350413129265821,,,,0.8834311704838361,0.4619634005041979,0.5147534747890193,,0.563924632139577,0.8959117271318835,0.8830799244140299,,0.9091276098983766,0.9941827364731338,,,,0.4524160536280056,,,,,0.4908131465004051,,,,0.0935109063957584,0.9189957472131204,,,,,0.8615819241475126,,,,,,0.4395332793319313,0.2156815926141008,,,,,,0.9546371680441792,,,,0.9748761211232436,,0.0394077201462303,,0.0862527132549739,0.6148695110916341,0.7469104650961098,,,,0.3228806708180974,0.7526535366239223,0.7141753252336164,0.6486642637481902,0.6112691146273225,,,0.5353397088165216,,,,,,0.7481973960036755,,,,0.858650905970255,,,0.9576560462723684,,0.7441267876644665,0.7991055604622698,,,0.6359065430572319,,0.9606431185104306,0.6512381989396676,0.8384477077392112,,,,0.6733939378201574,0.94283681727091,,0.8642609089614679,,0.6149598706887563,,,,0.993700329098278,0.9025639454137916,0.9895253945957642,0.9421594529527894,0.3946154479033121,0.9380098790028566,0.586245415168495,0.7507612211039468,0.6510310805605091,0.851963690260797,0.7417636237963612,0.7664590544020791,0.7377914529051898,0.7406875979881262,0.3751061577003928,0.8543371773366072,0.9280333583867224,0.6281114428130106,0.6879872771472915,0.5210423894650354,0.7420703366264324,0.8033943423287181,0.8986230108652415,0.3994747793171587,0.548937012588461,0.8573357592109258,0.1165960157339918,0.8540587915256637,0.8759413291286743,0.7561298193146081,,,,,,,,,,,,,,,,,,,,,,,,,,,,,,,,,,,,,
18,141,switch,t0,,,,0.7399870080824066,,,,,,,0.935496960318842,0.6052956445546424,,,,,,0.9478401453731372,,0.6042281496136346,,,0.7166492373537036,0.9508770141660516,,0.8162448598685206,,,0.053913961886683,,0.8037244288823217,,0.9595524916699668,,,,,,0.6565754880121626,0.774923100540374,0.518544217067105,0.5641951805239823,,,,0.7876378892740267,,0.5160230859070416,0.5812791383672959,,0.8261391242012533,,,,,0.6873495417557871,0.3945443974680668,0.7613704233612288,0.3278824294471678,0.9932007532271178,0.5191249535368829,,,,0.611112328799189,0.4153249528661593,0.4035529618926955,,0.7239919648834805,0.2570604672683579,0.9184557121829016,,0.2938606896999176,0.8139899962731172,,,,0.5764116508285534,,,,,0.3226052321599878,,,,0.6748923826643759,0.1880492624161617,,,,,0.1230794035975115,,,,,,0.0338613479143322,0.8423197811412286,,,,,,0.4367343801654098,,,,0.1025168474849432,,0.5429432166794551,,0.8523074638676335,0.6196458691934533,0.5629442029397258,,,,0.1754813672745216,0.7399142737216572,0.6530959495311199,0.7195042168882171,0.1578551987064603,,,0.9134049802230828,,,,,,0.5294410692775702,,,,0.7535738490991347,,,0.5413542672061473,,0.498140388100327,0.4903826829034957,,,0.7702112074292486,,0.792245703618234,0.8994818585206393,0.1989090379107038,,,,0.1101539952904293,0.7129980880520166,,0.6473437724200602,,0.4370395606375324,,,,0.5806297789339631,0.9295841907747096,0.9177961795468896,0.7277247011878323,0.6604320091649213,0.3569304761481796,0.844470187811153,0.593298336695098,0.9020861008625344,0.7928333001956904,0.5823855013225544,0.5687141744757624,0.7449487562374407,0.427847914232581,0.3760009781425312,0.2567878075280826,0.2436953320172968,0.7372557202029593,0.6847193499793939,0.5778470210803179,0.8496235752983652,0.8131047194546065,0.5561835367869302,0.42887543670949,0.7404178542625705,0.1214894984564884,0.9146126675617704,0.066250039629825,0.0671702619255691,0.9192898155488948,,,,,,,,,,,,,,,,,,,,,,,,,,,,,,,,,,,,,
19,223,switch,t1,0.4145981934461922,,,,,0.881726457094062,,0.5124767515766883,,0.9959179000190628,,,0.9618420247358512,0.9740097320507962,,0.3910977682437206,,0.9249025810564028,,,,,,,0.6665709326959828,,,,,,0.6977591454496875,,0.9045689160256716,,0.5437003435205457,,,0.9579984138279112,0.884885303120859,0.6673065751527036,0.7086074567058057,,0.7246595425994922,,,,,,,0.7057403597528751,0.9386796859488225,0.721087430656265,,,,,,0.913658265264685,0.5802049602477015,,,0.5851853244364579,,0.3169943138701893,,,,0.1078639979030601,,,0.74592379026955,,0.793560815407675,,,0.6288043267169623,0.7490104605586241,,,,,0.870662734001063,0.2667173137597932,,,,0.7717516323266034,,,,,,,0.997722560370082,,,,,,,0.6914690240853616,0.7471725747369116,,,,,,,,,,,0.9862836616893548,0.7638700142913121,,,0.2393081912474977,,,0.5972842863550364,0.5281960956185765,0.1712739565518307,0.8857520770191414,,,,0.7549605932719003,0.874922036181491,0.5458537589911724,,0.6378367934936963,,,,0.956922079648503,,,,,,,,0.234059670287851,,,0.1682139724545825,0.9017370579842504,0.4770674621916086,,,0.8251457322860148,,0.9899325999990072,0.7392075840015319,,0.6494677651398406,0.7966186555112647,0.6918211076104227,,,0.4979960123186866,0.5537134865243692,,0.9579470480623914,,0.8356088180377192,,,0.2447106093863293,,0.7786528009081966,,,,0.9155325157965704,,,,0.0243751616319121,,,,0.1968947551058776,,0.5252977451597015,,0.5925462524026386,0.1343384698083599,0.5642261805132762,,,,0.9125794858384706,0.7321749865115688,0.7910589311247923,0.7130511162881592,0.4589877676213689,0.5217387493672663,0.6580532681574536,0.7238941956296711,0.9398418698894376,0.8490507178923179,0.5622796039280306,0.0380766791058985,0.177436570711972,0.9651030723695034,0.040527002110652,0.6073095531852047,0.9633387779375948,0.1950309433083537,0.7477656261026109,0.148712089638879,0.6915100613817508,0.8024863345981205,0.7082499298410095,0.2171294808625139,0.3766793069386808,,,,,,,,,,,,
20,223,switch,t1,0.7199189282714562,,,,,0.6145206711842635,,0.6225582405821004,,0.4390583515287347,,,0.8962132154874561,0.5689690737210442,,0.6577568940448184,,0.6977572836829068,,,,,,,0.3625977062247604,,,,,,0.5164726602156746,,0.3198656333533867,,0.4304506888020259,,,0.0484638466281355,0.8415604525929092,0.7514457918746991,0.8971664315789426,,0.3440423104963341,,,,,,,0.8371963509230019,0.773309031146642,0.6211887109458056,,,,,,0.293457317777388,0.5417562940864578,,,0.4108707540007761,,0.6630498991914469,,,,0.9185149668657722,,,0.4947628914018939,,0.6683090050848816,,,0.9797518445250024,0.5149644344743594,,,,,0.0907196354782051,0.694273924377729,,,,0.6753862531922497,,,,,,,0.8556676165375909,,,,,,,0.957659901435952,0.1414642549266055,,,,,,,,,,,0.244120542541912,0.3248685360679157,,,0.9291649346115778,,,0.8954166189124068,0.9120285597548516,0.778222140512355,0.136153083440712,,,,0.8579987393543748,0.525723803612498,0.4227536976287589,,0.5071786916135318,,,,0.592104986070563,,,,,,,,0.6740296612052661,,,0.8905459117348732,0.9698541074069702,0.5585377336895029,,,0.6498922095660377,,0.9695854659502392,0.8553150573792474,,0.4341645723953101,0.7790588859741382,0.4737903829174229,,,0.5724669145617253,0.6879820985270233,,0.2400398755504783,,0.547857676051092,,,0.8242883136923574,,0.6985424326751175,,,,0.416727237215112,,,,0.883228588179061,,,,0.8964683770539856,,0.5683555064304568,,0.7021993661384095,0.9733288038197806,0.6311220192550453,,,,0.9511095650078571,0.9741621282236528,0.8634702498075749,0.9065449309556562,0.971369813060324,0.7690933288499586,0.5649900666588004,0.6225301188035978,0.1426317650319913,0.4504428134262557,0.6283167851825933,0.8771490377986615,0.7862661298218668,0.1552336599558119,0.9754703089640828,0.5890007628118783,0.5912310346343381,0.7842653894911149,0.4579215260405147,0.7197672420216918,0.1196697424130986,0.473505835724436,0.0659299374630366,0.5511324460854298,0.4917938841458662,,,,,,,,,,,,
21,237,switch,t1,0.7738832046178398,,,,,0.7852984479192505,,0.769060864738681,,0.5544490524093924,,,0.0608321381990505,0.1213481549662922,,0.7741505564543822,,0.8080257117290834,,,,,,,0.6918102600546641,,,,,,0.834193173327022,,0.6247260317468705,,0.9413662783293888,,,0.8284272616101777,0.1313840863100317,0.2128148334596243,0.2208829181911648,,0.5764680160591464,,,,,,,0.3108145311578585,0.1126987867777652,0.4482506675776205,,,,,,0.7469290257616418,0.9337164795889988,,,0.8266932321716853,,0.6806990244678998,,,,0.6205533538990193,,,0.7523124190007422,,0.9224402454403122,,,0.407990870479212,0.9943472244561316,,,,,0.8597090136067895,0.7726532115865387,,,,0.5138741982419035,,,,,,,0.1624234949754537,,,,,,,0.2075762973976087,0.9889615880399149,,,,,,,,,,,0.4296398293690993,0.7512526554213506,,,0.635705707058304,,,0.758695227728694,0.3607212118491788,0.9316073928781882,0.7765245495495082,,,,0.9771162960430332,0.775798954595866,0.8847672715968298,,0.7064069797692544,,,,0.7642092845238582,,,,,,,,0.9425691517222896,,,0.9277152395739438,0.8486521852141998,0.8641550545017279,,,0.7798893035322627,,0.1253411993065021,0.9807891164719678,,0.9764365133553404,0.3562120628300482,0.727157626925841,,,0.8782577169957422,0.7057229705903777,,0.7217545450155672,,0.5331304812844078,,,0.9342389838467822,,0.8433349393914837,,,,0.814900145091039,,,,0.8824374928017775,,,,0.9113577671711542,,0.9878901195770036,,0.4985872273097963,0.7462275214956816,0.4182248207068655,,,,0.7411735266016869,0.7338375957925248,0.7009780571812936,0.7091147203735174,0.8458873429328083,0.9055221377201038,0.9499768169473618,0.7163553068936325,0.969637721617786,0.6689435563565834,0.7730456021465323,0.9975426422122444,0.8900585347576109,0.7163747295462412,0.8170055480349668,0.5940871475033646,0.2024011792655677,0.7989177736869365,0.5279770762642326,0.8735891041123468,0.9378642040395514,0.445421289718902,0.9270674920369968,0.9181207638712072,0.7997325898931609,,,,,,,,,,,,
22,237,switch,t2,,0.5148735484590241,,,0.3690771685211289,,,,0.6075558994071475,,,,,,,,,,0.6350567244648194,0.381082976393777,0.8908262834671916,,0.5515883431537429,,,,,,,0.8923022611669356,0.5491719995945022,,,0.6115416285165303,0.59286740819072,0.4645923889072737,,,0.3781742620101709,,,,0.9104166561577524,,0.359732545697573,0.5418103445472833,,,,,0.5449111185443235,,0.2946347714815928,,0.4808941207537214,,0.3015419041058459,0.2347681463896909,,0.4692702434053012,,,,,0.8254500775738091,0.5291060705508698,0.5351580352793471,0.7302212092313978,0.7370539749242564,0.8976364755396593,0.8120598332664176,,0.9369108614269378,0.726624681027022,,,,,0.7321909443069347,,,,,,0.7219067933707948,0.2020771640321648,,,0.9082383149779027,0.7161614228127778,,,0.864621568268682,,0.7610474257184421,,,,0.9649112047285052,0.6263183504053615,,,,0.9454583298846744,0.668369387553889,,,,0.5705134045091604,0.9330132464957404,0.9316509034450466,0.5043871456715978,0.6043979058221705,,0.4666930870683965,0.8738028850708215,0.4219113875211051,,0.7033500327335653,,,0.8154928332939433,,0.8695513762095736,,,,0.515790243618697,,,,0.9722721113229408,,,,,,0.656406392392634,,0.4819969007349667,,,0.8959451890794076,,0.7996848759165353,,,0.8692311846394489,0.9543245658673288,0.8033426639768059,,,0.9092558068665056,,,,,,,,0.361953456771934,,,,,,,,,0.7964210197394621,0.9041630656737908,0.2888603929531315,0.6712501992413268,0.9887422858141396,,0.9512865929034644,0.8145048775295597,,,,,0.9255262543817144,,,,0.7662097609278585,,0.7083595927846541,,,,0.7997176548623086,,,,,,,,0.8382640994384414,0.5915524224609503,0.8724570889209324,0.659244897024565,,0.6035266805115279,0.5013499246523674,,,0.6574784320633849,,0.4072482328154916,,0.5995613175755344,,,0.6206381247464486,0.5919805456112847,0.8004715310927336,0.953099921456261,0.663081049809999,0.9767851039962764,0.908288738932143,0.5226252003379167,0.4235144883264727,0.6763683607706822,0.3506762169061945,,,
23,155,switch,t2,,0.9469313713208718,,,0.9196777223430204,,,,0.5409385928848031,,,,,,,,,,0.6959135262429266,0.9177433688559824,0.3550803596909232,,0.8397275531890406,,,,,,,0.6069505656196479,0.6519452985184753,,,0.8957381035904237,0.5705340383695717,0.8949193184342643,,,0.9988010322143814,,,,0.503520495513565,,0.8146657215979888,0.6518465952745395,,,,,0.64997931233652,,0.8832892128153312,,0.7625544935702546,,0.8555087625228085,0.9621919520208148,,0.8076348223573897,,,,,0.7734072541738172,0.9727547692830112,0.773400554430911,0.5132154141593632,0.9194794681404403,0.5397133124558781,0.544749221450804,,0.2544646250422921,0.5736974030720385,,,,,0.8219805681554677,,,,,,0.899936150319578,0.971890054557722,,,0.4136886793141655,0.5398079049749526,,,0.3187240070116586,,0.677312453894395,,,,0.7269334460531434,0.6681008679427363,,,,0.793842338628789,0.8617997217826155,,,,0.8407020891649066,0.6574016894125108,0.3978010758790637,0.8675892857856348,0.698205916068214,,0.9166232435832268,0.5913975061193081,0.7796053770040475,,0.8534186707314011,,,0.6187231298976206,,0.9134260772204186,,,,0.684505532324072,,,,0.4673279601640826,,,,,,0.7049867084381656,,0.7930664375237891,,,0.4123222124695016,,0.7110475901700742,,,0.5590954594265363,0.2772689361172301,0.9760251229000376,,,0.5442045664829983,,,,,,,,0.8478250182224291,,,,,,,,,0.8985947841801764,0.9096439147117024,0.9294765276059642,0.6063515712692049,0.7544572055539931,,0.417161820665656,0.6383584446269397,,,,,0.7696344718324243,,,,0.5071031382207528,,0.5933830938820499,,,,0.476294109360482,,,,,,,,0.6408788291644961,0.9073561394354382,0.68004385848809,0.5084949451185227,,0.5845341056619605,0.8500121990242161,,,0.9119768277467388,,0.8027412964570021,,0.9713375927040154,,,0.7317402004625355,0.5982188164120738,0.8005337829661541,0.637394742042565,0.8964008284430478,0.509281971010125,0.5673091777994563,0.8669523157464007,0.900537999898772,0.5909686671501597,0.8711233104166897,,,
24,223,tor_switch,t0,0.3854230947667187,0.5035191926829256,,0.4057378381547926,0.6136771686005056,,,,,,,0.7238921286882685,,,0.3404236260093657,,0.9099470425589512,,,,,0.5289665180833679,,0.9867119216579804,,0.7815770127855737,0.7703931018149941,,0.7952362448918809,0.8459578569785431,0.2040472273809213,,,0.3706955144489492,,,,0.4594307077582032,,0.6480330735638455,0.9120619187889848,,0.2522735898143883,0.8756365688066702,,0.6563598478863897,0.7624646408949514,,,0.3714159531376163,,0.3511577208152996,,,,,,0.9879710096287488,,,0.8876155944785518,0.675996932320511,,0.5086005054592353,0.0317419690923209,0.5185005914631649,,,,,,,,,,,0.482851571883144,,,,,,0.7576900640428262,0.6648707473777886,0.5883248101459152,0.6780729922800265,0.756020941114079,,0.6619799136133449,,0.4178944714440348,,0.93684287450328,,,,,,,0.5418593272323816,0.6257833335360814,,,,0.868653328238039,,0.9258631818999896,,0.3904493509161575,0.5061060221357199,0.8987031811090015,,,0.5208531308890494,,0.4923207806177937,0.2031118232164052,,0.6230413428136193,0.2743118021449292,,,,0.4920145545100559,,,0.1262801732099888,,,,0.4271832513314137,,0.6505086177343323,,,0.0216265602658901,,0.4751218953072444,,0.1136176469568973,,,0.7890474404876271,,,,0.6837646228089702,,,,,,,0.3451416511201003,,,,0.2194516290901627,0.5450173583993535,0.1104417029589699,,,,0.9999325074973732,,,,0.4782516950866852,,0.3153356969729954,0.168863350454219,0.6092563388588828,0.9606671663489844,0.9096246220345552,,0.7398330953977835,,,,0.7145651716080623,,0.7200885553588726,,,,0.905354576888,0.2485161168805614,,0.6189706533303682,,,,,,0.8578387680181969,0.7678926968013395,,0.6791476101108471,0.8899505237004267,,,0.8085657446213101,,,,,0.6734315245230732,,,0.4109540755268788,0.8929275665937005,,0.3362303678588996,,0.0947667867066355,,0.9260631777505188,0.7547362311979448,0.8717533844397389,0.9654627220369048,,,0.7583121046928034,,,,0.3260822269397022,0.0120500989590226,0.5997249087035968
25,223,tor_switch,t0,0.8241591120266826,0.0496331112776174,,0.2436823618410828,0.7942802524565248,,,,,,,0.033741160942787,,,0.7708031097127954,,0.4699301197256031,,,,,0.1359614790521137,,0.7234630665509124,,0.7926290131142709,0.4317672347052813,,0.9088072910220876,0.5211769417963401,0.6983961614085722,,,0.5267753742287703,,,,0.3530349006918134,,0.8869744458524118,0.9876761403549564,,0.4603121999621391,0.983572722871416,,0.7766606546165961,0.9772533352344492,,,0.519075605120922,,0.5974041001662103,,,,,,0.5541133816543662,,,0.6704682136034485,0.7929917326650965,,0.2342174039383149,0.8284320998556793,0.42127536572147,,,,,,,,,,,0.4446576577779396,,,,,,0.2741817505282573,0.3331036854580355,0.8464231618300082,0.4243176614122546,0.7363336286632072,,0.9270058262571932,,0.7218017143851287,,0.398601222850137,,,,,,,0.9034654453512582,0.1729790915060801,,,,0.1799291507460396,,0.861643935162004,,0.466209703763786,0.8261157244861644,0.8642297482566041,,,0.7070652904800647,,0.7019050445040175,0.6577615553077022,,0.3821824500118489,0.1647135830055356,,,,0.2616615105297529,,,0.0753218561351485,,,,0.6522190735335686,,0.5839132594705487,,,0.4004465746459055,,0.8811930483231896,,0.1420658105111217,,,0.4796535804850479,,,,0.1548911107429315,,,,,,,0.620095152038091,,,,0.0182759078785645,0.7563617450633728,0.315130788161142,,,,0.033581309701149,,,,0.7421692762473471,,0.5724092755445009,0.1516633964573656,0.1548668797677918,0.4673346204066154,0.6151126891669438,,0.7276554880060436,,,,0.6824368934480852,,0.951546225806812,,,,0.380744686472748,0.5616435449847197,,0.3933098814618397,,,,,,0.955387573927044,0.5295477347179192,,0.9342145346357636,0.208441733599847,,,0.7467647875938448,,,,,0.2391638920118974,,,0.541868201634712,0.3474357057808104,,0.9651990130659136,,0.1482206412546783,,0.6784502328844138,0.4810834037046477,0.597732658620534,0.4286396747773777,,,0.3493085623581038,,,,0.2935335718899177,0.7098308809775044,0.0056707155632147
26,223,tor_switch,t0,0.4330078309442745,0.7266871392615308,,0.9293010905190404,0.1858722107839662,,,,,,,0.8847907267409761,,,0.615257509150474,,0.0802833490219823,,,,,0.6407630897560205,,0.8988211561132892,,0.1834897968266069,0.5908392535693443,,0.2938112746311579,0.0497406451935359,0.2526757891370855,,,0.0911591781281473,,,,0.2191562630200696,,0.3772379015445506,0.3454013894573258,,0.6953083105510866,0.164457063266488,,0.8218501958123496,0.2827564217466962,,,0.6491197577073297,,0.8468651706466889,,,,,,0.1861349060367583,,,0.6926671518964079,0.1932899408341417,,0.6453540293412428,0.5547770255460569,0.6991604176909468,,,,,,,,,,,0.699417866032428,,,,,,0.4912472115570493,0.7380562420862202,0.9094153245804614,0.6710108643394537,0.8895347126492283,,0.0679100904147238,,0.5128586699855981,,0.976155979563241,,,,,,,0.8189918532990994,0.2710345284856732,,,,0.5692758929617798,,0.7995279341335767,,0.0628847324942116,0.8351523451640509,0.9242076393065104,,,0.4001508817406101,,0.9083471199029624,0.4592941603301456,,0.620779850523774,0.9593364767260112,,,,0.6073211318940703,,,0.8536973757641179,,,,0.9320418854386422,,0.7424774628228525,,,0.5472494163236793,,0.9202918251400398,,0.7663496494915684,,,0.3014910438004399,,,,0.0011764493393766,,,,,,,0.5189901907303173,,,,0.8932367118490583,0.2627659172559533,0.4053071249228435,,,,0.665265117638665,,,,0.0281844824815663,,0.1522965745389101,0.9144937812416748,0.6884351112772567,0.109896591277305,0.3442603601610231,,0.4436197491040659,,,,0.6713211480064534,,0.9056433201190528,,,,0.7636070042406369,0.0808489382143787,,0.94215020453427,,,,,,0.1738194365990325,0.2860448146117599,,0.2118525417405657,0.8226897074663434,,,0.6977613059341913,,,,,0.8287396294460672,,,0.4464540353324033,0.2352146025059569,,0.9851532503949566,,0.193009375623104,,0.49611917299554,0.0602336123967675,0.9587086131474094,0.4990425654519137,,,0.5294054672050907,,,,0.6792161105687188,0.8859153841593571,0.3130719087772565
27,237,tor_switch,t0,0.8804055582901877,0.9306214709294868,,0.4476165001581235,0.239702313983753,,,,,,,0.1755257620225598,,,0.4090114897615111,,0.6681633353783953,,,,,0.2598345037170396,,0.0134924755299876,,0.9726334637448149,0.1774699550241434,,0.5866462743081992,0.4721970534483078,0.7941308739191147,,,0.3533803131534005,,,,0.625477910574252,,0.7626585308855849,0.045055068417052,,0.9764820274449798,0.5043844495337245,,0.7947143330912055,0.9274760017184698,,,0.7521684206760632,,0.145739569945653,,,,,,0.9312229463772131,,,0.7679865483912732,0.6913262650392225,,0.6463745922181908,0.0769015368495322,0.4596372475497637,,,,,,,,,,,0.4595008962680779,,,,,,0.7265812082438955,0.5560685669814012,0.8725845464561792,0.5571895159746563,0.3939557760494936,,0.8753584870795551,,0.1067892945249935,,0.563812445684625,,,,,,,0.7003488548374716,0.9554053161533256,,,,0.6607364678255895,,0.2808889656401262,,0.5164426442923404,0.4316087892618329,0.3818133841021839,,,0.2223333210034157,,0.949882673800554,0.4754808279877335,,0.7164321256835099,0.2610818321965754,,,,0.8775857545078993,,,0.9275075747687213,,,,0.648037157510967,,0.991095264111607,,,0.2337129066515607,,0.2733350815281045,,0.540190241062673,,,0.1759124544260587,,,,0.7415685768207587,,,,,,,0.8465186408798476,,,,0.7713508598777918,0.7125955776291215,0.6248102766386434,,,,0.7046306246133885,,,,0.5131192160333341,,0.8919635607324737,0.8627047188303334,0.5017229724384308,0.7910557565272978,0.7623650193147408,,0.7983441101492255,,,,0.4056882312367537,,0.8357429852828624,,,,0.2773148595241445,0.8571470806659481,,0.2217349592154937,,,,,,0.4092429249203911,0.917569164223218,,0.7577091691400036,0.1367059593433094,,,0.6466961410390079,,,,,0.556910890722048,,,0.7412430158737559,0.1117818575796043,,0.4500255448010192,,0.846205206585532,,0.5023071645819577,0.9547812981302846,0.6684279013991895,0.9720486992114968,,,0.6009675015954241,,,,0.333377655347245,0.0145049992377165,0.8943898715424039
28,155,tor_switch,t0,0.5669043465134198,0.8052957414903456,,0.8701565707377377,0.6298405373612577,,,,,,,0.943566947853288,,,0.9361458577045576,,0.6003596171243859,,,,,0.8518604276493837,,0.7029354095258634,,0.3385283289214955,0.8752913488137187,,0.5723529221256302,0.2843687435561423,0.7126126870693913,,,0.4860066135574749,,,,0.8581279922522532,,0.1464716367597763,0.1851347820230798,,0.9677032839094732,0.4565205006728426,,0.5287464581355859,0.6016178589896731,,,0.4575732608143817,,0.9877360297545816,,,,,,0.6091504533066119,,,0.3949836518627073,0.9838442898362848,,0.3720691911798237,0.309448564634009,0.2808664445039508,,,,,,,,,,,0.3352012631093176,,,,,,0.2613948038111932,0.6541850810578542,0.4631095488757222,0.7186666666354306,0.7569421437472421,,0.9284839711523256,,0.6681985341515888,,0.9198391895413066,,,,,,,0.0945802417201777,0.7107971127133627,,,,0.4833940796481939,,0.5243777483076886,,0.774842192031496,0.1314492657583942,0.8894320746986311,,,0.4970201928550404,,0.3252358782295997,0.0865420318524875,,0.9860669347158636,0.2512202704141321,,,,0.2987911176874812,,,0.7557151980699269,,,,0.772500150263534,,0.7292660238927077,,,0.567116326476203,,0.4960922663164629,,0.9956522667508276,,,0.7329875206409973,,,,0.1551259567651137,,,,,,,0.2649356852726521,,,,0.7415861801344938,0.0846750664880078,0.9784618640108728,,,,0.256908147275887,,,,0.5884376287396245,,0.7839809228413493,0.6050685419560995,0.2713966085046185,0.9226029960365084,0.9080583620976788,,0.687143577163144,,,,0.691530884778931,,0.7330107863251547,,,,0.622506458825855,0.1984425985247846,,0.5185548258243975,,,,,,0.3163006000013313,0.2944084971419093,,0.7801148845437297,0.8902706331137171,,,0.1399294054163917,,,,,0.4927885263265193,,,0.5085311087021464,0.7060312187453132,,0.564141512721526,,0.272660641064214,,0.6341545841737076,0.460165348612533,0.8568702696136382,0.3761112023197864,,,0.8343386606854054,,,,0.5280414722612606,0.8100165833781998,0.9927504398171048
29,155,tor_switch,t0,0.2144067536016949,0.3907953922108693,,0.8756377956267478,0.9940816266691742,,,,,,,0.8391387269606178,,,0.2018059213837583,,0.8386142234804458,,,,,0.8211790868365302,,0.4212402905079051,,0.8623526313476026,0.2887433097036452,,0.6858560207061869,0.8317510878947442,0.9032913197211792,,,0.7541227225181025,,,,0.777650707531342,,0.6692372148605846,0.7750496588666426,,0.5027991716027077,0.8865168832531751,,0.6798742757857857,0.3410213168572217,,,0.9970191849810056,,0.932855392078856,,,,,,0.4963488568604984,,,0.4560901375504443,0.7422214535501181,,0.6185450999335831,0.8490917768255396,0.3926871410725531,,,,,,,,,,,0.8041480386369503,,,,,,0.5274023205988604,0.7671452024074717,0.2866441563862058,0.4356368438966828,0.4652887998624415,,0.7667892510161524,,0.8893863830860104,,0.5208929894395088,,,,,,,0.6778477521900151,0.7970244561641447,,,,0.5957924937576714,,0.9316587485535072,,0.7676851714806272,0.6784371453931213,0.4871866192686543,,,0.9858630615190446,,0.7688312690024282,0.9431132455479162,,0.9017624913807736,0.8557770277548233,,,,0.5524622099964783,,,0.5891275334994339,,,,0.8439091009791145,,0.714733218319013,,,0.7116500497362576,,0.0402255757743743,,0.1612500137478262,,,0.8027598269915301,,,,0.6130724367024947,,,,,,,0.8326817537738517,,,,0.4702992772210892,0.2892235927801834,0.921849634025596,,,,0.5322347928438061,,,,0.3073789272848638,,0.6282257632425243,0.7083913292233411,0.9625083805540888,0.2332860651341199,0.710142680940633,,0.8971430029430991,,,,0.0819681394119898,,0.957211196559585,,,,0.5370301954614972,0.8934575228438473,,0.5911450077844242,,,,,,0.959617414368009,0.2239014223835765,,0.92010903946004,0.2374679253172816,,,0.7185840126163733,,,,,0.98933914843521,,,0.6898391049398405,0.6414965307106945,,0.397431897812432,,0.9291780347416048,,0.4989846498390786,0.2558278006765377,0.405689086798578,0.2219703534662196,,,0.5803053497236225,,,,0.5116719554904483,0.8900367596202824,0.9546077523180172
30,141,tor_switch,t0,0.937562226262912,0.0810753994706791,,0.1157173578273594,0.0324457986885355,,,,,,,0.2650721649248168,,,0.2708746818016698,,0.6367702791367302,,,,,0.8023086442110324,,0.6723829230634932,,0.3208292324220627,0.3042815326473592,,0.2769763293449701,0.9417135556267276,0.3026718508605072,,,0.9857160721711687,,,,0.8220577043501689,,0.9628821673654095,0.9040879280831052,,0.972992988370911,0.8478453621051736,,0.7987915899774575,0.9030181803620312,,,0.370043119282063,,0.3501366074897709,,,,,,0.8806792554590975,,,0.290466006433571,0.7391626925242922,,0.8053844576315246,0.8409514140048704,0.8627158805053511,,,,,,,,,,,0.4125231380053153,,,,,,0.5596016512756208,0.5916378876327575,0.5451542212393719,0.9118800451080628,0.6397609799138866,,0.7344922097642893,,0.6819551663839276,,0.9909029828079892,,,,,,,0.4986451948762861,0.882054090731226,,,,0.7327576152697718,,0.6146113230941798,,0.9488196652057458,0.4254541700766286,0.617737312268033,,,0.8832390258660382,,0.644511334735215,0.9298535140353724,,0.6439274488041448,0.5444928755536541,,,,0.8183419737753952,,,0.5364321774307574,,,,0.2819736628478503,,0.4277315406633012,,,0.6651086486693413,,0.6187775700108111,,0.9774722409593374,,,0.1848762488026492,,,,0.7144780417099742,,,,,,,0.9980337179333088,,,,0.2140281686616678,0.8046485786218689,0.994349579004018,,,,0.8484896545453059,,,,0.4418444321175284,,0.8597344746541157,0.9633118855124412,0.6714378391921717,0.5514119237242974,0.4847580368283747,,0.2299518805743872,,,,0.2985054032260492,,0.9536889580087008,,,,0.7821949415867635,0.3390593932000364,,0.8722346622740771,,,,,,0.5839383544406904,0.9301881186206816,,0.7218482262785525,0.2273526609369367,,,0.7689231960274523,,,,,0.6241477379589265,,,0.8879841984042658,0.3222201676658134,,0.1711854914919166,,0.8573276287776603,,0.9686559975541033,0.3345064152585821,0.9688059415088744,0.927256678731656,,,0.3674774630595557,,,,0.960016194713779,0.8451416506222216,0.9933330002383218
31,141,tor_switch,t0,0.4437783532417076,0.857465808986607,,0.3295798936182944,0.4814503064403914,,,,,,,0.7635859284370987,,,0.8592279721236733,,0.338829914869809,,,,,0.9243662937383756,,0.260664023397411,,0.1662069639596325,0.840758707644227,,0.6959782853525002,0.5308478246217655,0.227127496274983,,,0.9804418386694024,,,,0.2698730873445562,,0.9139336293910184,0.767361263933885,,0.6015485604089873,0.9400924204462444,,0.2192493284451326,0.459520642329888,,,0.5476632919324652,,0.9859111596877024,,,,,,0.1445280232621968,,,0.9688341767872392,0.8037827869883337,,0.5899599974483296,0.8630828523715884,0.6506837184015651,,,,,,,,,,,0.9573238431535104,,,,,,0.791754971302579,0.0646786379797049,0.6155294834671658,0.4191473834607796,0.6968800162039535,,0.6477690509192654,,0.6702883686554156,,0.4031907893229022,,,,,,,0.6184440177573847,0.8866313548509557,,,,0.8068120427464806,,0.4980375818622536,,0.4186939525719994,0.304992084866591,0.7722471452527786,,,0.9565556920804922,,0.3510307965275994,0.6597768208229572,,0.0534653182846592,0.5096292487051636,,,,0.8303202769837625,,,0.6779862714888713,,,,0.9518210546751326,,0.946676489181408,,,0.712214843488573,,0.2461290532399394,,0.9614951490405704,,,0.0345412011634408,,,,0.7567288570935414,,,,,,,0.6841676811502457,,,,0.5115249322143086,0.2766243153852352,0.9197742233970184,,,,0.3289263001879645,,,,0.8876271546256972,,0.9468908483175904,0.5782082149906502,0.3748360674673218,0.7419183164376091,0.5306483457160334,,0.2795790733254966,,,,0.6321576157047626,,0.7158209849130364,,,,0.1429811965433424,0.716083212866263,,0.5216330179891879,,,,,,0.9133409151457652,0.0523374453569458,,0.3472626040875898,0.3651269357463459,,,0.8688611826798479,,,,,0.802473292811162,,,0.64787274882198,0.1534570839409617,,0.3072700064957602,,0.2614528400046517,,0.4669360872522021,0.984710434715134,0.3030048098137137,0.7196801879194098,,,0.507251281674244,,,,0.2872159409545413,0.7882816742933714,0.9040074830742038
32,141,tor_switch,t0,0.5963800065199049,0.1788008691761314,,0.7019700283225111,0.7613934598951327,,,,,,,0.9709974567001584,,,0.4538577863139739,,0.9793368192915812,,,,,0.3760663352358956,,0.2792505922698978,,0.616700606597795,0.6844601710398847,,0.7341013196271181,0.2574581702700478,0.726166899846279,,,0.3168544187247012,,,,0.6059703319927731,,0.2067585291776256,0.161524629890316,,0.8489997450583266,0.4436335005024194,,0.8773107426873976,0.3334437827130236,,,0.0661392340169909,,0.3351605896959457,,,,,,0.8798687457442176,,,0.2878012210415398,0.5695590507814626,,0.5930064792049619,0.943761008045795,0.0489707525101769,,,,,,,,,,,0.3327599321323174,,,,,,0.4913902142816106,0.9119328435562064,0.125054920995043,0.2341006432100959,0.6301407113764448,,0.3843561084411018,,0.6676075494982595,,0.7754349823813838,,,,,,,0.7025716950774946,0.9299879512900768,,,,0.2215102159132945,,0.0750819373282276,,0.5032529415003824,0.1019200810617998,0.8894696070308052,,,0.1068355659406763,,0.4981263751441722,0.5029888502495772,,0.7500365871971576,0.9690726714275658,,,,0.8587801595343727,,,0.0876056777753702,,,,0.937844268842148,,0.3472752805868856,,,0.4382059803340956,,0.7513875355119178,,0.3854656765811248,,,0.7465532033975206,,,,0.5293500462854162,,,,,,,0.1689259868274257,,,,0.923539676663513,0.7738341538195229,0.9557290033934938,,,,0.3449925761458331,,,,0.6493315469823122,,0.4301781149114069,0.765624938251794,0.9255863545598306,0.7487392617074441,0.7054596156583871,,0.2556610550428299,,,,0.7539770774760113,,0.2014659557375746,,,,0.0500437346970716,0.9491677276642976,,0.4775454416295787,,,,,,0.2153658543874701,0.8312526091822894,,0.5485370177500349,0.8817588941585384,,,0.2550919586530212,,,,,0.4412890760426798,,,0.3911851147178449,0.6753629299771674,,0.5643118732823874,,0.2605816804408796,,0.1601404746766428,0.5980517563885157,0.527570062541063,0.9464622739968568,,,0.9027864114403068,,,,0.7166874061614432,0.5807565466416927,0.5372860835280291
33,141,tor_switch,t0,0.255354676243483,0.861166671873269,,0.5787036454451501,0.9365641965611512,,,,,,,0.2726273933898714,,,0.5087248984281901,,0.8910781958492342,,,,,0.516723262254104,,0.5560519839377199,,0.1480156576805203,0.8569752666918256,,0.5137882004986568,0.4296311620076852,0.1802419906154655,,,0.9214842638643514,,,,0.9937575049392108,,0.6814012328273887,0.5325713270966276,,0.3825487701464173,0.90610705677065,,0.5783771727945501,0.99502224584231,,,0.9700004577763522,,0.7149802042589497,,,,,,0.9011920430931792,,,0.4957176565901977,0.2950785950749482,,0.4005553418009411,0.2755529973321953,0.6882784361376727,,,,,,,,,,,0.6981692665543602,,,,,,0.5265427008722724,0.0976587905009734,0.4054400183963754,0.6791528142252544,0.2330700862407435,,0.0739586348978494,,0.956914841025587,,0.6719491905245265,,,,,,,0.2447477137370513,0.9396735480372446,,,,0.3084762697881125,,0.7002603802348231,,0.858487212315949,0.3969014814877032,0.1217033626803061,,,0.8178489587522929,,0.5606708416029317,0.2008745964335592,,0.4544052625163085,0.4384114388563515,,,,0.0618417793652289,,,0.8812354941931908,,,,0.3810292429130026,,0.7270041365786275,,,0.3657090862725436,,0.2787712900808515,,0.5794182963957631,,,0.932963806374724,,,,0.4447010052569161,,,,,,,0.2151222926013206,,,,0.0408282721671412,0.7641324100893049,0.0305509554960025,,,,0.4901106788878928,,,,0.6407095896662532,,0.6675477444673018,0.7915475440740473,0.5489520805818383,0.4900294933141995,0.3727380251453619,,0.3319816201075155,,,,0.5144376912658378,,0.6859453494977134,,,,0.9262854047583584,0.879243147052701,,0.5013760640383705,,,,,,0.623135338575747,0.6482305635692079,,0.9933108438778124,0.4161334926325363,,,0.0673235597190351,,,,,0.7499054192153528,,,0.9071855325815948,0.8128338041385759,,0.8405248885564212,,0.9117372778792724,,0.1027131095017527,0.8548696805329231,0.6154168335685342,0.6608277854775282,,,0.3777520548538819,,,,0.901494483058464,0.2519708141628183,0.1850518692381453
34,141,tor_switch,t0,0.6659471677817036,0.3932159476121777,,0.822479784826986,0.6914747960581231,,,,,,,0.4654769835749028,,,0.6034071419372542,,0.560976308308954,,,,,0.1884737855601473,,0.0320148936016343,,0.7583191394332929,0.3926403584999677,,0.6746036290563484,0.7264223038921676,0.8193830203678342,,,0.9756781723090816,,,,0.8528564708541164,,0.7888160711409028,0.9095462687549536,,0.3078605473814019,0.4187509099324586,,0.0284746019771573,0.1110421300290755,,,0.975230011823672,,0.7256545302786045,,,,,,0.3637662851519352,,,0.1853829875668354,0.904153476835474,,0.6401067565796023,0.5070924343699724,0.9017815054468836,,,,,,,,,,,0.630696131410943,,,,,,0.9556735361031404,0.8558567095244622,0.9483454347309792,0.3849896336075051,0.9690370007686157,,0.8581739449694183,,0.7334117954569781,,0.2410657740695744,,,,,,,0.4676493884856121,0.5560260962548671,,,,0.9145131257253428,,0.6704211499033115,,0.8838876019166575,0.7288894100398495,0.4696170052040971,,,0.2912662552004911,,0.691230217222274,0.7831082961002953,,0.4153816555466666,0.7123065496140976,,,,0.94270628168922,,,0.2182354760974765,,,,0.6635072848045085,,0.1310666044101908,,,0.805037461358904,,0.7725100756240926,,0.8030953826328376,,,0.7864207924033626,,,,0.7695154089514801,,,,,,,0.6726122883557966,,,,0.9388216616088774,0.3578339015381292,0.5628602884290224,,,,0.3423583652276817,,,,0.6441671617164393,,0.422973430798048,0.6920108977386681,0.5918433807897285,0.9721508397791492,0.3329887542902005,,0.5860830257009167,,,,0.6970129643174644,,0.3477431983023697,,,,0.1904493803620737,0.1551054005802953,,0.1950705370353845,,,,,,0.9344962601257764,0.5553138291941129,,0.5504636192320526,0.2798489856699888,,,0.9065404712967968,,,,,0.4337259462801239,,,0.1362399299894627,0.7346979125702797,,0.5197065360868994,,0.7724573156337865,,0.9295049950888168,0.5039844567257625,0.288169320813072,0.8700644939192812,,,0.4487183753412819,,,,0.9290154756277128,0.8371680506853564,0.2936227408189696
35,169,tor_switch,t0,0.8093888549308701,0.8951106054732517,,0.3037858297099089,0.9238070295757246,,,,,,,0.5043110989825693,,,0.2063017767930528,,0.1522855691539359,,,,,0.9525691736893712,,0.5903503500533621,,0.4853258980647384,0.843038598018774,,0.1697490667006053,0.8904393583875017,0.1615988576474699,,,0.2887884341931638,,,,0.6024350366359614,,0.5290735816196207,0.752775323833575,,0.8468113058628706,0.8042327603688961,,0.4386242463889458,0.9892741975342472,,,0.4198241525413133,,0.1672910029237057,,,,,,0.717001783108752,,,0.2310478305041264,0.3061058123266662,,0.4656548832197504,0.9378199997835212,0.1579208035371572,,,,,,,,,,,0.6148808823608441,,,,,,0.954294415480396,0.4885733664164872,0.1534565975366151,0.7828531438661018,0.5586781348543572,,0.6282943624334121,,0.5019692989890849,,0.5001743881704152,,,,,,,0.5760589752432106,0.3729731195125125,,,,0.7659530633475173,,0.1321302390174458,,0.6083511139608814,0.9681995613893942,0.3312085806327465,,,0.3753049688294075,,0.8020900950022145,0.1444283863117998,,0.8691848390411111,0.5508189234917794,,,,0.2016111945506021,,,0.8773153048489964,,,,0.328706967456724,,0.9028995979622492,,,0.7928335588624524,,0.2619022113340138,,0.455200755348255,,,0.4502833972404009,,,,0.8417366045511013,,,,,,,0.7453856692148406,,,,0.8540999136731535,0.4998598427047521,0.339061414652778,,,,0.6976566635603288,,,,0.3790782018051133,,0.2245801099292181,0.4594909357325786,0.382124801677739,0.4973421840460862,0.2962050425522896,,0.960681201045739,,,,0.8343550872682514,,0.6532968653758494,,,,0.8859465449168975,0.8076968857295295,,0.57601317443954,,,,,,0.59964059752451,0.2501010762578354,,0.9018518139753922,0.6733389439346755,,,0.6826037333394293,,,,,0.0019811561853699,,,0.4516355802331774,0.9156059343927104,,0.5417047224687124,,0.9310302250296154,,0.2468913361580994,0.4670558380637651,0.5909541621245227,0.3803269037093145,,,0.5895285497010181,,,,0.9845753756149718,0.2476679574657602,0.6859999672956194
36,169,tor_switch,t0,0.3520957833133568,0.7679405147000862,,0.1591237931344324,0.8156131232379195,,,,,,,0.9789235020199648,,,0.7601127005450878,,0.8540863407965235,,,,,0.3759953089088999,,0.6867696377053055,,0.3915043399674532,0.1102957093539257,,0.4519914525264812,0.3733445328684426,0.9369771875105584,,,0.9178372291496236,,,,0.0302976152324836,,0.8290582066277398,0.9514157950693736,,0.1911359353606015,0.9802902112237414,,0.7628292154516344,0.251897036850417,,,0.5161070488009187,,0.4600470575510804,,,,,,0.5838164646327719,,,0.3814116047655213,0.0987264302163595,,0.7640156720785375,0.4959813937201148,0.9795567565174916,,,,,,,,,,,0.5771418283629517,,,,,,0.6819000665287996,0.6965400710568076,0.2850357008657707,0.4748699144426761,0.0623945258776597,,0.7658137998592723,,0.00487365745777,,0.3429051012264827,,,,,,,0.8348543098717561,0.3670152074565342,,,,0.9110331690029496,,0.1852417846866064,,0.8095072176370921,0.863175793183048,0.472200498430701,,,0.7180549625252989,,0.0332146034448209,0.76620383654731,,0.7091761150915538,0.443884368994105,,,,0.5412562499752299,,,0.1687133655113162,,,,0.3079425534660214,,0.9571188043940174,,,0.6948624628664347,,0.9596466279909664,,0.4547568257702434,,,0.3934822432669058,,,,0.5234953657552408,,,,,,,0.9809305105950622,,,,0.269382452119057,0.9678728131990808,0.6159533816502815,,,,0.5045992333194853,,,,0.4514147708318865,,0.3636513038521117,0.338009195541554,0.4413349213693711,0.9437288737607348,0.8397252003478682,,0.2111851971994482,,,,0.9379665452658804,,0.8959580900521413,,,,0.8988424554113567,0.3451572841492432,,0.3060222525763754,,,,,,0.8236310979469099,0.7628230996657955,,0.1144808403782382,0.8261379537339175,,,0.2403352184326695,,,,,0.9665392410070592,,,0.0117605237083295,0.885279007170138,,0.0814503372536015,,0.6781149454020714,,0.8311416151201194,0.6760517090022441,0.9013936131651376,0.3634633042687129,,,0.5914824150055833,,,,0.8532489039176054,0.9770318959104202,0.6109509108060412
