hop1_reduction,hop1_time,hop2_reduction,hop2_time,eval_time,keep_frac,acc,f1
Agg_GB0_1,257,,,263,0.0637050730745046,0.8805460750853242,0.8813559322033899
Agg_GB0_2,259,,,356,0.0861510462334023,0.8890784982935154,0.8900169204737733
Agg_GB0_3,266,,,536,0.13104299255119772,0.8839590443686007,0.8855218855218854
Agg_GB1_1,197,,,126,0.04748698190794171,0.8839590443686007,0.8847457627118643
Agg_GB1_2,194,,,164,0.06426843220135299,0.8856655290102389,0.88663282571912
Agg_GB1_3,202,,,245,0.09783133278817555,0.8873720136518771,0.8885135135135136
Agg_GB2_1,200,,,161,0.05037872396573169,0.8447098976109215,0.8465430016863407
Agg_GB2_2,205,,,207,0.06802793095343025,0.8395904436860068,0.8395904436860068
Agg_GB2_3,209,,,314,0.10332634492882738,0.841296928327645,0.8447412353923205
ColSampling_GB3_smf_col-0.2-fbs,32,,,293,0.21739130434782608,0.8856655290102389,0.8858603066439523
ColSampling_GB3_smf_col-0.2-fls,37,,,318,0.21739130434782608,0.8856655290102389,0.88663282571912
ColSampling_GB3_smf_col-0.4-fbs,39,,,624,0.4260869565217391,0.8873720136518771,0.8885135135135136
ColSampling_GB3_smf_col-0.4-fls,65,,,620,0.42585134692475135,0.8890784982935154,0.8896434634974533
ColSampling_GB3_smf_col-0.6-fbs,51,,,800,0.6304347826086957,0.8805460750853242,0.8825503355704698
ColSampling_GB3_smf_col-0.6-fls,103,,,778,0.569813492223281,0.8839590443686007,0.8843537414965986
ColSampling_GB3_smf_col-0.8-fbs,65,,,905,0.8391304347826087,0.8873720136518771,0.886986301369863
ColSampling_GB3_smf_col-0.8-fls,166,,,873,0.619302709844761,0.8839590443686007,0.8847457627118643
ColSampling_GB4_smf_col-0.2-fbs,24,,,254,0.21739130434782608,0.8822525597269625,0.8824531516183987
ColSampling_GB4_smf_col-0.2-fls,27,,,376,0.21739130434782608,0.5443686006825939,0.675577156743621
ColSampling_GB4_smf_col-0.4-fbs,28,,,471,0.4260869565217391,0.8873720136518771,0.887372013651877
ColSampling_GB4_smf_col-0.4-fls,60,,,604,0.4260869565217391,0.8873720136518771,0.888135593220339
ColSampling_GB4_smf_col-0.6-fbs,38,,,780,0.6304347826086957,0.8890784982935154,0.889267461669506
ColSampling_GB4_smf_col-0.6-fls,98,,,807,0.6304347826086957,0.8907849829351536,0.8915254237288135
ColSampling_GB4_smf_col-0.8-fbs,49,,,951,0.8391304347826087,0.8805460750853242,0.8809523809523809
ColSampling_GB4_smf_col-0.8-fls,162,,,1012,0.838244537124674,0.8907849829351536,0.891156462585034
ColSampling_GB7_smf_col-0.2-fbs,17,,,196,0.21739130434782608,0.8856655290102389,0.8862478777589136
ColSampling_GB7_smf_col-0.2-fls,24,,,197,0.21739130434782608,0.8822525597269625,0.8828522920203735
ColSampling_GB7_smf_col-0.4-fbs,24,,,367,0.4260869565217391,0.8890784982935154,0.889267461669506
ColSampling_GB7_smf_col-0.4-fls,56,,,371,0.4260869565217391,0.8737201365187713,0.8745762711864408
ColSampling_GB7_smf_col-0.6-fbs,32,,,537,0.6304347826086957,0.8890784982935154,0.8896434634974533
ColSampling_GB7_smf_col-0.6-fls,114,,,526,0.6304347826086957,0.8873720136518771,0.888135593220339
ColSampling_GB7_smf_col-0.8-fbs,45,,,754,0.8391304347826087,0.8873720136518771,0.887372013651877
ColSampling_GB7_smf_col-0.8-fls,192,,,791,0.8391304347826087,0.8856655290102389,0.8858603066439523
ColSampling_GB5_smf_col-0.2-fbs,25,,,326,0.21739130434782608,0.8839590443686007,0.8839590443686007
ColSampling_GB5_smf_col-0.2-fls,30,,,419,0.21739130434782608,0.7406143344709898,0.6872427983539094
ColSampling_GB5_smf_col-0.4-fbs,31,,,711,0.4260869565217391,0.8873720136518771,0.8877551020408163
ColSampling_GB5_smf_col-0.4-fls,54,,,779,0.42585134692475135,0.8822525597269625,0.8820512820512821
ColSampling_GB5_smf_col-0.6-fbs,39,,,989,0.6304347826086957,0.8907849829351536,0.8904109589041096
ColSampling_GB5_smf_col-0.6-fls,98,,,947,0.6290918079058654,0.8856655290102389,0.8862478777589136
ColSampling_GB5_smf_col-0.8-fbs,51,,,1123,0.8391304347826087,0.8771331058020477,0.8795986622073578
ColSampling_GB5_smf_col-0.8-fls,159,,,1138,0.7992011009419229,0.8890784982935154,0.8896434634974533
Agg_GB0_1,257,ColSampling_GB3_smf_col-0.2-fbs,19.0,58,0.012885169790084527,0.8805460750853242,0.8805460750853242
Agg_GB0_1,257,ColSampling_GB3_smf_col-0.2-fls,18.0,52,0.012856425697915057,0.8805460750853242,0.8809523809523809
Agg_GB0_1,257,ColSampling_GB3_smf_col-0.4-fbs,28.0,112,0.025493975514157684,0.8822525597269625,0.8824531516183987
Agg_GB0_1,257,ColSampling_GB3_smf_col-0.4-fls,17.0,97,0.025038054920861787,0.878839590443686,0.8786324786324786
Agg_GB0_1,257,ColSampling_GB3_smf_col-0.6-fbs,97.0,160,0.03800770141032756,0.8805460750853242,0.8817567567567568
Agg_GB0_1,257,ColSampling_GB3_smf_col-0.6-fls,18.0,133,0.034700403100014814,0.8873720136518771,0.886986301369863
Agg_GB0_1,257,ColSampling_GB3_smf_col-0.8-fbs,145.0,215,0.050743312748959296,0.8822525597269625,0.8832487309644671
Agg_GB0_1,257,ColSampling_GB3_smf_col-0.8-fls,18.0,152,0.041099885789954674,0.8856655290102389,0.8858603066439523
Agg_GB0_1,257,ColSampling_GB3_smf_row-0.2-fbs,24.0,85,0.01275488088757521,0.8532423208191127,0.8585526315789473
Agg_GB0_1,257,ColSampling_GB3_smf_row-0.4-fbs,25.0,133,0.025581322442810334,0.8703071672354948,0.8745874587458745
Agg_GB0_1,257,ColSampling_GB3_smf_row-0.6-fbs,31.0,194,0.03837192793160829,0.8805460750853242,0.8825503355704698
Agg_GB0_1,257,ColSampling_GB3_smf_row-0.8-fbs,34.0,225,0.051075674152066694,0.878839590443686,0.8822553897180763
Agg_GB0_1,257,ColSampling_GB4_smf_col-0.2-fbs,8.0,53,0.012885002592262893,0.8805460750853242,0.8809523809523809
Agg_GB0_1,257,ColSampling_GB4_smf_col-0.2-fls,8.0,54,0.012893404282800067,0.8822525597269625,0.8828522920203735
Agg_GB0_1,257,ColSampling_GB4_smf_col-0.4-fbs,19.0,107,0.02553362926418886,0.8822525597269625,0.8820512820512821
Agg_GB0_1,257,ColSampling_GB4_smf_col-0.4-fls,8.0,102,0.025101450761565176,0.8856655290102389,0.8854700854700854
Agg_GB0_1,257,ColSampling_GB4_smf_col-0.6-fbs,46.0,172,0.03814221205783317,0.8805460750853242,0.8813559322033899
Agg_GB0_1,257,ColSampling_GB4_smf_col-0.6-fls,10.0,156,0.03649404559791125,0.8856655290102389,0.88663282571912
Agg_GB0_1,257,ColSampling_GB4_smf_col-0.8-fbs,84.0,214,0.0507953948703987,0.8805460750853242,0.8825503355704698
Agg_GB0_1,257,ColSampling_GB4_smf_col-0.8-fls,13.0,197,0.04785752014698918,0.8856655290102389,0.88663282571912
Agg_GB0_1,257,ColSampling_GB4_smf_row-0.2-fbs,14.0,83,0.01276279491779928,0.8532423208191127,0.8585526315789473
Agg_GB0_1,257,ColSampling_GB4_smf_row-0.4-fbs,21.0,139,0.02559191163818057,0.8532423208191127,0.8594771241830065
Agg_GB0_1,257,ColSampling_GB4_smf_row-0.6-fbs,32.0,199,0.03837320978157416,0.8720136518771331,0.8756218905472636
Agg_GB0_1,257,ColSampling_GB4_smf_row-0.8-fbs,65.0,229,0.051099527707953334,0.8737201365187713,0.8770764119601329
Agg_GB0_1,257,ColSampling_GB7_smf_col-0.2-fbs,2.0,50,0.012899325872316318,0.8822525597269625,0.8824531516183987
Agg_GB0_1,257,ColSampling_GB7_smf_col-0.2-fls,2.0,50,0.012929853407916567,0.878839590443686,0.8786324786324786
Agg_GB0_1,257,ColSampling_GB7_smf_col-0.4-fbs,4.0,114,0.025573505944648883,0.8822525597269625,0.8824531516183987
Agg_GB0_1,257,ColSampling_GB7_smf_col-0.4-fls,2.0,115,0.025617116709792092,0.8839590443686007,0.8843537414965986
Agg_GB0_1,257,ColSampling_GB7_smf_col-0.6-fbs,7.0,166,0.03830874108818194,0.8856655290102389,0.8854700854700854
Agg_GB0_1,257,ColSampling_GB7_smf_col-0.6-fls,3.0,167,0.03829129678212466,0.8907849829351536,0.8907849829351536
Agg_GB0_1,257,ColSampling_GB7_smf_col-0.8-fbs,7.0,211,0.05084336671205623,0.8822525597269625,0.8832487309644671
Agg_GB0_1,257,ColSampling_GB7_smf_col-0.8-fls,6.0,228,0.05084336671205623,0.8856655290102389,0.8858603066439523
Agg_GB0_1,257,ColSampling_GB7_smf_row-0.2-fbs,11.0,93,0.012750171482265815,0.8720136518771331,0.8739495798319328
Agg_GB0_1,257,ColSampling_GB7_smf_row-0.4-fbs,23.0,164,0.025576613037500938,0.878839590443686,0.8782161234991422
Agg_GB0_1,257,ColSampling_GB7_smf_row-0.6-fbs,57.0,203,0.038353313240799554,0.8856655290102389,0.8854700854700854
Agg_GB0_1,257,ColSampling_GB7_smf_row-0.8-fbs,75.0,252,0.05107695600203257,0.8873720136518771,0.8885135135135136
Agg_GB0_1,257,ColSampling_GB5_smf_col-0.2-fbs,10.0,60,0.012874455196348064,0.8805460750853242,0.8813559322033899
Agg_GB0_1,257,ColSampling_GB5_smf_col-0.2-fls,10.0,54,0.01288617297701434,0.8805460750853242,0.8813559322033899
Agg_GB0_1,257,ColSampling_GB5_smf_col-0.4-fbs,11.0,123,0.025512743469636247,0.8805460750853242,0.8801369863013698
Agg_GB0_1,257,ColSampling_GB5_smf_col-0.4-fls,10.0,107,0.02553613723151339,0.8805460750853242,0.8805460750853242
Agg_GB0_1,257,ColSampling_GB5_smf_col-0.6-fbs,27.0,181,0.03815551821780498,0.8822525597269625,0.8832487309644671
Agg_GB0_1,257,ColSampling_GB5_smf_col-0.6-fls,14.0,167,0.03826436399968957,0.8890784982935154,0.8896434634974533
Agg_GB0_1,257,ColSampling_GB5_smf_col-0.8-fbs,49.0,224,0.050743312748959296,0.8822525597269625,0.8832487309644671
Agg_GB0_1,257,ColSampling_GB5_smf_col-0.8-fls,16.0,202,0.05015168325710274,0.8890784982935154,0.8896434634974533
Agg_GB0_1,257,ColSampling_GB5_smf_row-0.2-fbs,22.0,89,0.01276279491779928,0.8686006825938567,0.8705882352941178
Agg_GB0_1,257,ColSampling_GB5_smf_row-0.4-fbs,25.0,147,0.025559391661872502,0.8822525597269625,0.8836424957841483
Agg_GB0_1,257,ColSampling_GB5_smf_row-0.6-fbs,42.0,206,0.03838251712697852,0.8805460750853242,0.8805460750853242
Agg_GB0_1,257,ColSampling_GB5_smf_row-0.8-fbs,58.0,246,0.05105310244614593,0.8856655290102389,0.8873949579831932
Agg_GB0_1,257,RowSampling_GB3_smf_row-0.2-fbs,20.0,92,0.01275488088757521,0.8293515358361775,0.8392282958199357
Agg_GB0_1,257,RowSampling_GB3_smf_row-0.4-fbs,24.0,142,0.025581322442810334,0.8771331058020477,0.8795986622073578
Agg_GB0_1,257,RowSampling_GB3_smf_row-0.6-fbs,28.0,212,0.03837192793160829,0.8737201365187713,0.8758389261744967
Agg_GB0_1,257,RowSampling_GB3_smf_row-0.8-fbs,36.0,248,0.051075674152066694,0.8754266211604096,0.87893864013267
Agg_GB0_1,257,RowSampling_GB4_smf_row-0.2-fbs,11.0,86,0.01276279491779928,0.8515358361774744,0.85667215815486
Agg_GB0_1,257,RowSampling_GB4_smf_row-0.4-fbs,22.0,159,0.02559191163818057,0.878839590443686,0.8818635607321131
Agg_GB0_1,257,RowSampling_GB4_smf_row-0.6-fbs,26.0,210,0.03837320978157416,0.8754266211604096,0.8773109243697479
Agg_GB0_1,257,RowSampling_GB4_smf_row-0.8-fbs,31.0,263,0.051099527707953334,0.8771331058020477,0.8795986622073578
Agg_GB0_1,257,RowSampling_GB7_smf_row-0.2-fbs,14.0,95,0.012750171482265815,0.8617747440273038,0.864321608040201
Agg_GB0_1,257,RowSampling_GB7_smf_row-0.4-fbs,27.0,162,0.025576613037500938,0.878839590443686,0.8786324786324786
Agg_GB0_1,257,RowSampling_GB7_smf_row-0.6-fbs,36.0,212,0.038353313240799554,0.8873720136518771,0.886986301369863
Agg_GB0_1,257,RowSampling_GB7_smf_row-0.8-fbs,41.0,254,0.05107695600203257,0.8890784982935154,0.8907563025210083
Agg_GB0_1,257,RowSampling_GB5_smf_row-0.2-fbs,18.0,93,0.01276279491779928,0.8686006825938567,0.8705882352941178
Agg_GB0_1,257,RowSampling_GB5_smf_row-0.4-fbs,26.0,148,0.025559391661872502,0.8822525597269625,0.8836424957841483
Agg_GB0_1,257,RowSampling_GB5_smf_row-0.6-fbs,31.0,213,0.03838251712697852,0.8805460750853242,0.8805460750853242
Agg_GB0_1,257,RowSampling_GB5_smf_row-0.8-fbs,41.0,248,0.05105310244614593,0.8890784982935154,0.8900169204737733
Agg_GB0_2,259,ColSampling_GB3_smf_col-0.2-fbs,79.0,100,0.017341521196434173,0.8873720136518771,0.8885135135135136
Agg_GB0_2,259,ColSampling_GB3_smf_col-0.2-fls,19.0,103,0.01735372663741355,0.878839590443686,0.8798646362098139
Agg_GB0_2,259,ColSampling_GB3_smf_col-0.4-fbs,206.0,193,0.03442405296715524,0.8805460750853242,0.8809523809523809
Agg_GB0_2,259,ColSampling_GB3_smf_col-0.4-fls,21.0,188,0.034694746240382816,0.8771331058020477,0.8779661016949154
Agg_GB0_2,259,ColSampling_GB3_smf_col-0.6-fbs,466.0,266,0.051351160429514486,0.8890784982935154,0.889267461669506
Agg_GB0_2,259,ColSampling_GB3_smf_col-0.6-fls,28.0,270,0.0518852738707285,0.8856655290102389,0.8862478777589136
Agg_GB0_2,259,ColSampling_GB3_smf_col-0.8-fbs,651.0,333,0.06870027519368126,0.8873720136518771,0.888135593220339
Agg_GB0_2,259,ColSampling_GB3_smf_col-0.8-fls,34.0,347,0.0651864875736489,0.8839590443686007,0.8839590443686007
Agg_GB0_2,259,ColSampling_GB3_smf_row-0.2-fbs,23.0,133,0.017185539562000227,0.8617747440273038,0.8652246256239601
Agg_GB0_2,259,ColSampling_GB3_smf_row-0.4-fbs,29.0,219,0.03446373458349002,0.8668941979522184,0.8721311475409836
Agg_GB0_2,259,ColSampling_GB3_smf_row-0.6-fbs,39.0,285,0.05173412703997017,0.8805460750853242,0.8825503355704698
Agg_GB0_2,259,ColSampling_GB3_smf_row-0.8-fbs,45.0,361,0.06897584507003987,0.878839590443686,0.8810720268006701
Agg_GB0_2,259,ColSampling_GB4_smf_col-0.2-fbs,10.0,101,0.01733583647049857,0.8856655290102389,0.8862478777589136
Agg_GB0_2,259,ColSampling_GB4_smf_col-0.2-fls,7.0,94,0.01734221785402432,0.8856655290102389,0.8862478777589136
Agg_GB0_2,259,ColSampling_GB4_smf_col-0.4-fbs,10.0,197,0.03445055382188444,0.8839590443686007,0.8835616438356164
Agg_GB0_2,259,ColSampling_GB4_smf_col-0.4-fls,7.0,206,0.034594037419151145,0.8839590443686007,0.8843537414965986
Agg_GB0_2,259,ColSampling_GB4_smf_col-0.6-fbs,20.0,272,0.05151821891963177,0.8890784982935154,0.889267461669506
Agg_GB0_2,259,ColSampling_GB4_smf_col-0.6-fls,16.0,281,0.05174290492560603,0.8873720136518771,0.8877551020408163
Agg_GB0_2,259,ColSampling_GB4_smf_col-0.8-fbs,58.0,359,0.06870027519368126,0.8873720136518771,0.888135593220339
Agg_GB0_2,259,ColSampling_GB4_smf_col-0.8-fls,23.0,355,0.0686355835698602,0.8822525597269625,0.8824531516183987
Agg_GB0_2,259,ColSampling_GB4_smf_row-0.2-fbs,18.0,155,0.017209727513530136,0.8651877133105802,0.8707037643207856
Agg_GB0_2,259,ColSampling_GB4_smf_row-0.4-fbs,28.0,251,0.03448246073951318,0.863481228668942,0.8684210526315789
Agg_GB0_2,259,ColSampling_GB4_smf_row-0.6-fbs,41.0,341,0.05172515409020908,0.8720136518771331,0.8756218905472636
Agg_GB0_2,259,ColSampling_GB4_smf_row-0.8-fbs,52.0,414,0.06899457122606302,0.8771331058020477,0.8787878787878788
Agg_GB0_2,259,ColSampling_GB7_smf_col-0.2-fbs,3.0,98,0.01734065734102239,0.8805460750853242,0.8813559322033899
Agg_GB0_2,259,ColSampling_GB7_smf_col-0.2-fls,4.0,101,0.017401712412222884,0.8839590443686007,0.8847457627118643
Agg_GB0_2,259,ColSampling_GB7_smf_col-0.4-fbs,6.0,237,0.03450850180023288,0.8771331058020477,0.8775510204081632
Agg_GB0_2,259,ColSampling_GB7_smf_col-0.4-fls,3.0,233,0.034539029335833124,0.8822525597269625,0.8824531516183987
Agg_GB0_2,259,ColSampling_GB7_smf_col-0.6-fbs,8.0,326,0.05171995702458658,0.8805460750853242,0.8809523809523809
Agg_GB0_2,259,ColSampling_GB7_smf_col-0.6-fls,5.0,280,0.05171995702458658,0.8907849829351536,0.8907849829351536
Agg_GB0_2,259,ColSampling_GB7_smf_col-0.8-fbs,13.0,282,0.06870027519368126,0.8822525597269625,0.8828522920203735
Agg_GB0_2,259,ColSampling_GB7_smf_col-0.8-fls,11.0,282,0.06873516380579583,0.8856655290102389,0.8858603066439523
Agg_GB0_2,259,ColSampling_GB7_smf_row-0.2-fbs,14.0,104,0.017182028407745884,0.8668941979522184,0.8700000000000001
Agg_GB0_2,259,ColSampling_GB7_smf_row-0.4-fbs,37.0,198,0.03452654523181769,0.863481228668942,0.867109634551495
Agg_GB0_2,259,ColSampling_GB7_smf_row-0.6-fbs,60.0,265,0.05173510236059638,0.8703071672354948,0.87248322147651
Agg_GB0_2,259,ColSampling_GB7_smf_row-0.8-fbs,81.0,312,0.06902324565247347,0.8805460750853242,0.8825503355704698
Agg_GB0_2,259,ColSampling_GB5_smf_col-0.2-fbs,72.0,78,0.01732891169405251,0.878839590443686,0.8802698145025295
Agg_GB0_2,259,ColSampling_GB5_smf_col-0.2-fls,9.0,80,0.01736509608928475,0.8822525597269625,0.8832487309644671
Agg_GB0_2,259,ColSampling_GB5_smf_col-0.4-fbs,171.0,161,0.034472401003911454,0.878839590443686,0.879045996592845
Agg_GB0_2,259,ColSampling_GB5_smf_col-0.4-fls,10.0,160,0.03453192342841362,0.878839590443686,0.8794567062818337
Agg_GB0_2,259,ColSampling_GB5_smf_col-0.6-fbs,286.0,233,0.051542866665171175,0.8856655290102389,0.8854700854700854
Agg_GB0_2,259,ColSampling_GB5_smf_col-0.6-fls,18.0,218,0.04610068903615611,0.8839590443686007,0.8855218855218854
Agg_GB0_2,259,ColSampling_GB5_smf_col-0.8-fbs,384.0,297,0.06870027519368126,0.8873720136518771,0.887372013651877
Agg_GB0_2,259,ColSampling_GB5_smf_col-0.8-fls,23.0,255,0.0522488873333299,0.878839590443686,0.8794567062818337
Agg_GB0_2,259,ColSampling_GB5_smf_row-0.2-fbs,18.0,116,0.017193147062884634,0.8344709897610921,0.8448
Agg_GB0_2,259,ColSampling_GB5_smf_row-0.4-fbs,30.0,202,0.03449123862514903,0.8686006825938567,0.8727272727272727
Agg_GB0_2,259,ColSampling_GB5_smf_row-0.6-fbs,45.0,259,0.05174290492560603,0.8856655290102389,0.8858603066439523
Agg_GB0_2,259,ColSampling_GB5_smf_row-0.8-fbs,78.0,315,0.06897135859515932,0.8805460750853242,0.8833333333333334
Agg_GB0_2,259,RowSampling_GB3_smf_row-0.2-fbs,20.0,108,0.017185539562000227,0.8600682593856656,0.8633333333333335
Agg_GB0_2,259,RowSampling_GB3_smf_row-0.4-fbs,25.0,194,0.03446373458349002,0.8686006825938567,0.8735632183908046
Agg_GB0_2,259,RowSampling_GB3_smf_row-0.6-fbs,29.0,263,0.05173412703997017,0.8737201365187713,0.8762541806020067
Agg_GB0_2,259,RowSampling_GB3_smf_row-0.8-fbs,37.0,304,0.06897584507003987,0.8839590443686007,0.8859060402684563
Agg_GB0_2,259,RowSampling_GB4_smf_row-0.2-fbs,15.0,106,0.017209727513530136,0.863481228668942,0.869281045751634
Agg_GB0_2,259,RowSampling_GB4_smf_row-0.4-fbs,22.0,206,0.03448246073951318,0.863481228668942,0.8684210526315789
Agg_GB0_2,259,RowSampling_GB4_smf_row-0.6-fbs,31.0,262,0.05172515409020908,0.8720136518771331,0.8756218905472636
Agg_GB0_2,259,RowSampling_GB4_smf_row-0.8-fbs,38.0,325,0.06899457122606302,0.8754266211604096,0.8781302170283807
Agg_GB0_2,259,RowSampling_GB7_smf_row-0.2-fbs,13.0,120,0.017182028407745884,0.8600682593856656,0.8646864686468647
Agg_GB0_2,259,RowSampling_GB7_smf_row-0.4-fbs,24.0,196,0.03452654523181769,0.8703071672354948,0.8737541528239203
Agg_GB0_2,259,RowSampling_GB7_smf_row-0.6-fbs,45.0,282,0.05173510236059638,0.8686006825938567,0.8714524207011686
Agg_GB0_2,259,RowSampling_GB7_smf_row-0.8-fbs,57.0,330,0.06902324565247347,0.8771331058020477,0.8791946308724832
Agg_GB0_2,259,RowSampling_GB5_smf_row-0.2-fbs,19.0,126,0.017193147062884634,0.8344709897610921,0.8448
Agg_GB0_2,259,RowSampling_GB5_smf_row-0.4-fbs,26.0,198,0.03449123862514903,0.8686006825938567,0.8727272727272727
Agg_GB0_2,259,RowSampling_GB5_smf_row-0.6-fbs,40.0,244,0.05174290492560603,0.8822525597269625,0.8851913477537439
Agg_GB0_2,259,RowSampling_GB5_smf_row-0.8-fbs,46.0,306,0.06897135859515932,0.8856655290102389,0.8885191347753744
Agg_GB0_3,266,ColSampling_GB3_smf_col-0.2-fbs,22.0,123,0.026308605100620344,0.878839590443686,0.879045996592845
Agg_GB0_3,266,ColSampling_GB3_smf_col-0.2-fls,20.0,128,0.02627993067420989,0.8873720136518771,0.8877551020408163
Agg_GB0_3,266,ColSampling_GB3_smf_col-0.4-fbs,139.0,243,0.052379845027125754,0.8805460750853242,0.8809523809523809
Agg_GB0_3,266,ColSampling_GB3_smf_col-0.4-fls,29.0,239,0.052261510768863366,0.8873720136518771,0.8877551020408163
Agg_GB0_3,266,ColSampling_GB3_smf_col-0.6-fbs,512.0,339,0.07820887104268881,0.8873720136518771,0.8877551020408163
Agg_GB0_3,266,ColSampling_GB3_smf_col-0.6-fls,44.0,332,0.07588335834101863,0.8907849829351536,0.8915254237288135
Agg_GB0_3,266,ColSampling_GB3_smf_col-0.8-fbs,782.0,424,0.10453269114507797,0.8839590443686007,0.8862876254180602
Agg_GB0_3,266,ColSampling_GB3_smf_col-0.8-fls,56.0,396,0.09434822596841326,0.8873720136518771,0.8885135135135136
Agg_GB0_3,266,ColSampling_GB3_smf_row-0.2-fbs,22.0,163,0.02613639134433597,0.8754266211604096,0.8781302170283807
Agg_GB0_3,266,ColSampling_GB3_smf_row-0.4-fbs,30.0,285,0.05238441510091712,0.8720136518771331,0.8772504091653027
Agg_GB0_3,266,ColSampling_GB3_smf_row-0.6-fbs,37.0,384,0.07862764585327806,0.8720136518771331,0.8764415156507414
Agg_GB0_3,266,ColSampling_GB3_smf_row-0.8-fbs,60.0,477,0.10484914088882641,0.8754266211604096,0.8785357737104824
Agg_GB0_3,266,ColSampling_GB4_smf_col-0.2-fbs,9.0,113,0.02631350957005498,0.8839590443686007,0.8847457627118643
Agg_GB0_3,266,ColSampling_GB4_smf_col-0.2-fls,9.0,122,0.026257749096539603,0.8737201365187713,0.8745762711864408
Agg_GB0_3,266,ColSampling_GB4_smf_col-0.4-fbs,16.0,239,0.052428555325828845,0.8907849829351536,0.8907849829351536
Agg_GB0_3,266,ColSampling_GB4_smf_col-0.4-fls,13.0,237,0.05224114050092746,0.8839590443686007,0.8843537414965986
Agg_GB0_3,266,ColSampling_GB4_smf_col-0.6-fbs,63.0,342,0.07848276894083106,0.8856655290102389,0.88663282571912
Agg_GB0_3,266,ColSampling_GB4_smf_col-0.6-fls,29.0,345,0.07838072253702631,0.8907849829351536,0.891156462585034
Agg_GB0_3,266,ColSampling_GB4_smf_col-0.8-fbs,213.0,444,0.10463978134983538,0.8890784982935154,0.8900169204737733
Agg_GB0_3,266,ColSampling_GB4_smf_col-0.8-fls,53.0,428,0.10248670533487843,0.8856655290102389,0.8873949579831932
Agg_GB0_3,266,ColSampling_GB4_smf_row-0.2-fbs,23.0,166,0.02616328232731565,0.8703071672354948,0.8741721854304635
Agg_GB0_3,266,ColSampling_GB4_smf_row-0.4-fbs,34.0,294,0.052402834727600614,0.863481228668942,0.869281045751634
Agg_GB0_3,266,ColSampling_GB4_smf_row-0.6-fbs,39.0,405,0.07863795638561223,0.8771331058020477,0.8811881188118811
Agg_GB0_3,266,ColSampling_GB4_smf_row-0.8-fbs,63.0,483,0.1048775087858972,0.8856655290102389,0.88663282571912
Agg_GB0_3,266,ColSampling_GB7_smf_col-0.2-fbs,4.0,118,0.02632362503826392,0.8839590443686007,0.8847457627118643
Agg_GB0_3,266,ColSampling_GB7_smf_col-0.2-fls,3.0,112,0.026314902885235275,0.8856655290102389,0.8858603066439523
Agg_GB0_3,266,ColSampling_GB7_smf_col-0.4-fbs,8.0,224,0.05249569918436723,0.8805460750853242,0.8809523809523809
Agg_GB0_3,266,ColSampling_GB7_smf_col-0.4-fls,5.0,225,0.052456449495738335,0.878839590443686,0.8786324786324786
Agg_GB0_3,266,ColSampling_GB7_smf_col-0.6-fbs,18.0,333,0.07868139995293381,0.8771331058020477,0.8795986622073578
Agg_GB0_3,266,ColSampling_GB7_smf_col-0.6-fls,10.0,330,0.07864215026430492,0.8771331058020477,0.8783783783783784
Agg_GB0_3,266,ColSampling_GB7_smf_col-0.8-fbs,24.0,450,0.10463978134983538,0.8873720136518771,0.8877551020408163
Agg_GB0_3,266,ColSampling_GB7_smf_col-0.8-fls,17.0,442,0.10467466996194996,0.8839590443686007,0.8835616438356164
Agg_GB0_3,266,ColSampling_GB7_smf_row-0.2-fbs,20.0,175,0.026141908872449937,0.8276450511945392,0.8404423380726698
Agg_GB0_3,266,ColSampling_GB7_smf_row-0.4-fbs,49.0,309,0.052433041800709394,0.8583617747440273,0.8641571194762685
Agg_GB0_3,266,ColSampling_GB7_smf_row-0.6-fbs,76.0,417,0.07860147939419214,0.8822525597269625,0.8836424957841483
Agg_GB0_3,266,ColSampling_GB7_smf_row-0.8-fbs,113.0,479,0.10491250886322619,0.8805460750853242,0.8837209302325582
Agg_GB0_3,266,ColSampling_GB5_smf_col-0.2-fbs,15.0,139,0.026286646453378908,0.8839590443686007,0.8843537414965986
Agg_GB0_3,266,ColSampling_GB5_smf_col-0.2-fls,11.0,141,0.026296329993881953,0.8856655290102389,0.88663282571912
Agg_GB0_3,266,ColSampling_GB5_smf_col-0.4-fbs,74.0,274,0.05243655295496374,0.878839590443686,0.8786324786324786
Agg_GB0_3,266,ColSampling_GB5_smf_col-0.4-fls,12.0,258,0.05247927199839156,0.8839590443686007,0.8843537414965986
Agg_GB0_3,266,ColSampling_GB5_smf_col-0.6-fbs,296.0,366,0.07842638147548454,0.8873720136518771,0.887372013651877
Agg_GB0_3,266,ColSampling_GB5_smf_col-0.6-fls,15.0,356,0.07205550354619614,0.8822525597269625,0.8836424957841483
Agg_GB0_3,266,ColSampling_GB5_smf_col-0.8-fbs,518.0,446,0.10453269114507797,0.8890784982935154,0.8896434634974533
Agg_GB0_3,266,ColSampling_GB5_smf_col-0.8-fls,23.0,399,0.07985900207701493,0.8873720136518771,0.8877551020408163
Agg_GB0_3,266,ColSampling_GB5_smf_row-0.2-fbs,20.0,178,0.02614338578654105,0.8583617747440273,0.8654781199351702
Agg_GB0_3,266,ColSampling_GB5_smf_row-0.4-fbs,35.0,313,0.0524046739036386,0.8822525597269625,0.8828522920203735
Agg_GB0_3,266,ColSampling_GB5_smf_row-0.6-fbs,57.0,418,0.07861622066879964,0.8856655290102389,0.88663282571912
Agg_GB0_3,266,ColSampling_GB5_smf_row-0.8-fbs,73.0,503,0.1048609283352517,0.8822525597269625,0.8828522920203735
Agg_GB0_3,266,RowSampling_GB3_smf_row-0.2-fbs,20.0,187,0.02613639134433597,0.8737201365187713,0.8762541806020067
Agg_GB0_3,266,RowSampling_GB3_smf_row-0.4-fbs,28.0,318,0.05238441510091712,0.8668941979522184,0.8729641693811074
Agg_GB0_3,266,RowSampling_GB3_smf_row-0.6-fbs,35.0,416,0.07862764585327806,0.8720136518771331,0.8764415156507414
Agg_GB0_3,266,RowSampling_GB3_smf_row-0.8-fbs,45.0,498,0.10484914088882641,0.8737201365187713,0.8766666666666667
Agg_GB0_3,266,RowSampling_GB4_smf_row-0.2-fbs,16.0,179,0.02616328232731565,0.8651877133105802,0.869851729818781
Agg_GB0_3,266,RowSampling_GB4_smf_row-0.4-fbs,23.0,309,0.052402834727600614,0.8668941979522184,0.8721311475409836
Agg_GB0_3,266,RowSampling_GB4_smf_row-0.6-fbs,34.0,421,0.07863795638561223,0.8703071672354948,0.8754098360655738
Agg_GB0_3,266,RowSampling_GB4_smf_row-0.8-fbs,50.0,517,0.1048775087858972,0.8856655290102389,0.8873949579831932
Agg_GB0_3,266,RowSampling_GB7_smf_row-0.2-fbs,15.0,202,0.026141908872449937,0.8242320819112628,0.8377952755905511
Agg_GB0_3,266,RowSampling_GB7_smf_row-0.4-fbs,26.0,333,0.052433041800709394,0.863481228668942,0.8666666666666667
Agg_GB0_3,266,RowSampling_GB7_smf_row-0.6-fbs,46.0,454,0.07860147939419214,0.878839590443686,0.8818635607321131
Agg_GB0_3,266,RowSampling_GB7_smf_row-0.8-fbs,66.0,537,0.10491250886322619,0.8754266211604096,0.8793388429752066
Agg_GB0_3,266,RowSampling_GB5_smf_row-0.2-fbs,22.0,211,0.02614338578654105,0.8617747440273038,0.8669950738916256
Agg_GB0_3,266,RowSampling_GB5_smf_row-0.4-fbs,30.0,340,0.0524046739036386,0.878839590443686,0.8798646362098139
Agg_GB0_3,266,RowSampling_GB5_smf_row-0.6-fbs,44.0,439,0.07861622066879964,0.8856655290102389,0.88663282571912
Agg_GB0_3,266,RowSampling_GB5_smf_row-0.8-fbs,59.0,539,0.1048609283352517,0.878839590443686,0.8798646362098139
Agg_GB1_1,197,ColSampling_GB4_smf_col-0.2-fbs,10.0,36,0.009566613493115004,0.8805460750853242,0.8813559322033899
Agg_GB1_1,197,ColSampling_GB4_smf_col-0.2-fls,6.0,34,0.009570556575075235,0.8754266211604096,0.8760611205432937
Agg_GB1_1,197,ColSampling_GB4_smf_col-0.4-fbs,17.0,49,0.018996208371399866,0.8771331058020477,0.8783783783783784
Agg_GB1_1,197,ColSampling_GB4_smf_col-0.4-fls,7.0,45,0.018549372193079488,0.8805460750853242,0.8817567567567568
Agg_GB1_1,197,ColSampling_GB4_smf_col-0.6-fbs,52.0,74,0.028366197226271737,0.8822525597269625,0.8820512820512821
Agg_GB1_1,197,ColSampling_GB4_smf_col-0.6-fls,9.0,60,0.025691115679017523,0.8839590443686007,0.8827586206896552
Agg_GB1_1,197,ColSampling_GB4_smf_col-0.8-fbs,83.0,111,0.03783522292415893,0.8805460750853242,0.8809523809523809
Agg_GB1_1,197,ColSampling_GB4_smf_col-0.8-fls,11.0,72,0.030615425921820805,0.8839590443686007,0.8827586206896552
Agg_GB1_1,197,ColSampling_GB4_smf_row-0.2-fbs,14.0,40,0.009525162366501248,0.8668941979522184,0.8704318936877078
Agg_GB1_1,197,ColSampling_GB4_smf_row-0.4-fbs,19.0,50,0.019097376986641032,0.8498293515358362,0.8576051779935275
Agg_GB1_1,197,ColSampling_GB4_smf_row-0.6-fbs,19.0,76,0.028623166344973413,0.8737201365187713,0.8754208754208754
Agg_GB1_1,197,ColSampling_GB4_smf_row-0.8-fbs,28.0,105,0.03810584653162749,0.8720136518771331,0.8756218905472636
Agg_GB1_1,197,ColSampling_GB7_smf_col-0.2-fbs,2.0,32,0.009562586812243952,0.8805460750853242,0.8809523809523809
Agg_GB1_1,197,ColSampling_GB7_smf_col-0.2-fls,2.0,33,0.009599091669967662,0.8703071672354948,0.8716216216216216
Agg_GB1_1,197,ColSampling_GB7_smf_col-0.4-fbs,3.0,46,0.019020870050091072,0.878839590443686,0.879045996592845
Agg_GB1_1,197,ColSampling_GB7_smf_col-0.4-fls,2.0,45,0.019053724422042412,0.878839590443686,0.879045996592845
Agg_GB1_1,197,ColSampling_GB7_smf_col-0.6-fbs,6.0,72,0.028515658145661905,0.8771331058020477,0.8783783783783784
Agg_GB1_1,197,ColSampling_GB7_smf_col-0.6-fls,3.0,68,0.028515658145661905,0.8856655290102389,0.8854700854700854
Agg_GB1_1,197,ColSampling_GB7_smf_col-0.8-fbs,20.0,103,0.03784617438147604,0.8771331058020477,0.8767123287671232
Agg_GB1_1,197,ColSampling_GB7_smf_col-0.8-fls,9.0,95,0.03784617438147604,0.8856655290102389,0.8854700854700854
Agg_GB1_1,197,ColSampling_GB7_smf_row-0.2-fbs,9.0,34,0.009515841087945079,0.8686006825938567,0.8723051409618574
Agg_GB1_1,197,ColSampling_GB7_smf_row-0.4-fbs,17.0,54,0.019078107437697563,0.8617747440273038,0.8669950738916256
Agg_GB1_1,197,ColSampling_GB7_smf_row-0.6-fbs,34.0,86,0.028663586418353752,0.8805460750853242,0.8805460750853242
Agg_GB1_1,197,ColSampling_GB7_smf_row-0.8-fbs,45.0,102,0.038089893072813116,0.8839590443686007,0.8851351351351351
Agg_GB1_1,197,RowSampling_GB4_smf_row-0.2-fbs,9.0,34,0.009525162366501248,0.8668941979522184,0.8708609271523179
Agg_GB1_1,197,RowSampling_GB4_smf_row-0.4-fbs,14.0,53,0.019097376986641032,0.8498293515358362,0.8576051779935275
Agg_GB1_1,197,RowSampling_GB4_smf_row-0.6-fbs,16.0,79,0.028623166344973413,0.8703071672354948,0.8737541528239203
Agg_GB1_1,197,RowSampling_GB4_smf_row-0.8-fbs,19.0,102,0.03810584653162749,0.8720136518771331,0.8756218905472636
Agg_GB1_1,197,RowSampling_GB7_smf_row-0.2-fbs,12.0,37,0.009515841087945079,0.8686006825938567,0.8723051409618574
Agg_GB1_1,197,RowSampling_GB7_smf_row-0.4-fbs,15.0,54,0.019078107437697563,0.8617747440273038,0.8669950738916256
Agg_GB1_1,197,RowSampling_GB7_smf_row-0.6-fbs,20.0,87,0.028663586418353752,0.8805460750853242,0.8805460750853242
Agg_GB1_1,197,RowSampling_GB7_smf_row-0.8-fbs,28.0,114,0.038089893072813116,0.8924914675767918,0.8930390492359933
Agg_GB1_2,194,ColSampling_GB4_smf_col-0.2-fbs,9.0,40,0.01289085451602013,0.878839590443686,0.8798646362098139
Agg_GB1_2,194,ColSampling_GB4_smf_col-0.2-fls,7.0,39,0.012903366486339172,0.8754266211604096,0.8764805414551607
Agg_GB1_2,194,ColSampling_GB4_smf_col-0.4-fbs,13.0,73,0.02565355190175679,0.8771331058020477,0.8771331058020477
Agg_GB1_2,194,ColSampling_GB4_smf_col-0.4-fls,7.0,75,0.025793482545313745,0.8822525597269625,0.8824531516183987
Agg_GB1_2,194,ColSampling_GB4_smf_col-0.6-fbs,23.0,114,0.038343309237805046,0.8805460750853242,0.8813559322033899
Agg_GB1_2,194,ColSampling_GB4_smf_col-0.6-fls,9.0,104,0.03692572250707003,0.8873720136518771,0.887372013651877
Agg_GB1_2,194,ColSampling_GB4_smf_col-0.8-fbs,63.0,146,0.05122158211774711,0.8839590443686007,0.8851351351351351
Agg_GB1_2,194,ColSampling_GB4_smf_col-0.8-fls,10.0,132,0.04502039604426674,0.8822525597269625,0.8828522920203735
Agg_GB1_2,194,ColSampling_GB4_smf_row-0.2-fbs,13.0,42,0.012825926028618415,0.8532423208191127,0.8590163934426229
Agg_GB1_2,194,ColSampling_GB4_smf_row-0.4-fbs,15.0,84,0.02574683435307749,0.8617747440273038,0.8708133971291865
Agg_GB1_2,194,ColSampling_GB4_smf_row-0.6-fbs,26.0,123,0.03858152433417996,0.8686006825938567,0.8714524207011686
Agg_GB1_2,194,ColSampling_GB4_smf_row-0.8-fbs,29.0,157,0.051482536117864436,0.8839590443686007,0.8866666666666667
Agg_GB1_2,194,ColSampling_GB7_smf_col-0.2-fbs,3.0,44,0.012883623210234401,0.8754266211604096,0.8773109243697479
Agg_GB1_2,194,ColSampling_GB7_smf_col-0.2-fls,2.0,39,0.012934730011047595,0.8771331058020477,0.8783783783783784
Agg_GB1_2,194,ColSampling_GB7_smf_col-0.4-fbs,5.0,71,0.02569579721802331,0.8839590443686007,0.8843537414965986
Agg_GB1_2,194,ColSampling_GB7_smf_col-0.4-fls,3.0,72,0.025717700132657537,0.8805460750853242,0.8805460750853242
Agg_GB1_2,194,ColSampling_GB7_smf_col-0.6-fbs,6.0,116,0.03855177705508068,0.8805460750853242,0.8817567567567568
Agg_GB1_2,194,ColSampling_GB7_smf_col-0.6-fls,5.0,117,0.038555427540853046,0.8856655290102389,0.8858603066439523
Agg_GB1_2,194,ColSampling_GB7_smf_col-0.8-fbs,9.0,156,0.05122158211774711,0.8856655290102389,0.8862478777589136
Agg_GB1_2,194,ColSampling_GB7_smf_col-0.8-fls,9.0,163,0.05125078600392608,0.8771331058020477,0.8783783783783784
Agg_GB1_2,194,ColSampling_GB7_smf_row-0.2-fbs,9.0,42,0.012841322161360667,0.8447098976109215,0.8505747126436782
Agg_GB1_2,194,ColSampling_GB7_smf_row-0.4-fbs,26.0,87,0.025772178756207045,0.8668941979522184,0.8700000000000001
Agg_GB1_2,194,ColSampling_GB7_smf_row-0.6-fbs,39.0,127,0.03862676527808411,0.8720136518771331,0.8747913188647746
Agg_GB1_2,194,ColSampling_GB7_smf_row-0.8-fbs,49.0,152,0.051487983980219386,0.8805460750853242,0.8809523809523809
Agg_GB1_2,194,RowSampling_GB4_smf_row-0.2-fbs,11.0,48,0.012825926028618415,0.8549488054607508,0.8599670510708403
Agg_GB1_2,194,RowSampling_GB4_smf_row-0.4-fbs,17.0,97,0.02574683435307749,0.8583617747440273,0.8654781199351702
Agg_GB1_2,194,RowSampling_GB4_smf_row-0.6-fbs,20.0,129,0.03858152433417996,0.8686006825938567,0.8714524207011686
Agg_GB1_2,194,RowSampling_GB4_smf_row-0.8-fbs,22.0,175,0.051482536117864436,0.8822525597269625,0.8851913477537439
Agg_GB1_2,194,RowSampling_GB7_smf_row-0.2-fbs,11.0,46,0.012841322161360667,0.8378839590443686,0.8465266558966074
Agg_GB1_2,194,RowSampling_GB7_smf_row-0.4-fbs,21.0,104,0.025772178756207045,0.8686006825938567,0.8723051409618574
Agg_GB1_2,194,RowSampling_GB7_smf_row-0.6-fbs,27.0,145,0.03862676527808411,0.8720136518771331,0.8747913188647746
Agg_GB1_2,194,RowSampling_GB7_smf_row-0.8-fbs,38.0,159,0.051487983980219386,0.8805460750853242,0.8809523809523809
Agg_GB1_3,202,ColSampling_GB4_smf_col-0.2-fbs,12.0,66,0.0196057140970196,0.878839590443686,0.8802698145025295
Agg_GB1_3,202,ColSampling_GB4_smf_col-0.2-fls,8.0,69,0.01957010096101128,0.878839590443686,0.8794567062818337
Agg_GB1_3,202,ColSampling_GB4_smf_col-0.4-fbs,13.0,132,0.039082003146941664,0.8805460750853242,0.8809523809523809
Agg_GB1_3,202,ColSampling_GB4_smf_col-0.4-fls,10.0,133,0.038915766712780755,0.8839590443686007,0.8843537414965986
Agg_GB1_3,202,ColSampling_GB4_smf_col-0.6-fbs,122.0,207,0.05848296957821702,0.8890784982935154,0.8896434634974533
Agg_GB1_3,202,ColSampling_GB4_smf_col-0.6-fls,11.0,206,0.05855306726493763,0.8839590443686007,0.8843537414965986
Agg_GB1_3,202,ColSampling_GB4_smf_col-0.8-fbs,268.0,262,0.07809130310777558,0.8890784982935154,0.8896434634974533
Agg_GB1_3,202,ColSampling_GB4_smf_col-0.8-fls,18.0,276,0.07489983108840069,0.8856655290102389,0.8877721943048577
Agg_GB1_3,202,ColSampling_GB4_smf_row-0.2-fbs,21.0,84,0.01952030387646756,0.8617747440273038,0.8656716417910447
Agg_GB1_3,202,ColSampling_GB4_smf_row-0.4-fbs,22.0,151,0.039158496150339825,0.8549488054607508,0.8613376835236541
Agg_GB1_3,202,ColSampling_GB4_smf_row-0.6-fbs,35.0,235,0.05868725744995177,0.8737201365187713,0.8766666666666667
Agg_GB1_3,202,ColSampling_GB4_smf_row-0.8-fbs,35.0,295,0.07830555318304942,0.8856655290102389,0.8854700854700854
Agg_GB1_3,202,ColSampling_GB7_smf_col-0.2-fbs,4.0,72,0.01959870572166272,0.8805460750853242,0.8825503355704698
Agg_GB1_3,202,ColSampling_GB7_smf_col-0.2-fls,3.0,77,0.019606006693207462,0.8839590443686007,0.8855218855218854
Agg_GB1_3,202,ColSampling_GB7_smf_col-0.4-fbs,9.0,140,0.03914525965612703,0.8805460750853242,0.8801369863013698
Agg_GB1_3,202,ColSampling_GB7_smf_col-0.4-fls,4.0,140,0.03911970625572043,0.878839590443686,0.8794567062818337
Agg_GB1_3,202,ColSampling_GB7_smf_col-0.6-fbs,14.0,256,0.05868346763266137,0.8873720136518771,0.8885135135135136
Agg_GB1_3,202,ColSampling_GB7_smf_col-0.6-fls,7.0,152,0.05868711811843374,0.8907849829351536,0.8915254237288135
Agg_GB1_3,202,ColSampling_GB7_smf_col-0.8-fbs,78.0,198,0.07809130310777558,0.8890784982935154,0.8896434634974533
Agg_GB1_3,202,ColSampling_GB7_smf_col-0.8-fls,24.0,206,0.07809495359354794,0.8873720136518771,0.88659793814433
Agg_GB1_3,202,ColSampling_GB7_smf_row-0.2-fbs,16.0,62,0.01954202566012835,0.8532423208191127,0.8594771241830065
Agg_GB1_3,202,ColSampling_GB7_smf_row-0.4-fbs,29.0,118,0.03916695357348421,0.8686006825938567,0.8727272727272727
Agg_GB1_3,202,ColSampling_GB7_smf_row-0.6-fbs,45.0,157,0.05870897923361256,0.8600682593856656,0.8633333333333335
Agg_GB1_3,202,ColSampling_GB7_smf_row-0.8-fbs,61.0,210,0.07831069451606472,0.8805460750853242,0.882154882154882
Agg_GB1_3,202,RowSampling_GB4_smf_row-0.2-fbs,11.0,65,0.01952030387646756,0.8617747440273038,0.8656716417910447
Agg_GB1_3,202,RowSampling_GB4_smf_row-0.4-fbs,20.0,116,0.039158496150339825,0.863481228668942,0.8697068403908794
Agg_GB1_3,202,RowSampling_GB4_smf_row-0.6-fbs,23.0,161,0.05868725744995177,0.8720136518771331,0.8747913188647746
Agg_GB1_3,202,RowSampling_GB4_smf_row-0.8-fbs,27.0,212,0.07830555318304942,0.8805460750853242,0.8817567567567568
Agg_GB1_3,202,RowSampling_GB7_smf_row-0.2-fbs,11.0,66,0.01954202566012835,0.8532423208191127,0.8594771241830065
Agg_GB1_3,202,RowSampling_GB7_smf_row-0.4-fbs,19.0,120,0.03916695357348421,0.8686006825938567,0.8727272727272727
Agg_GB1_3,202,RowSampling_GB7_smf_row-0.6-fbs,28.0,158,0.05870897923361256,0.8600682593856656,0.8633333333333335
Agg_GB1_3,202,RowSampling_GB7_smf_row-0.8-fbs,46.0,207,0.07831069451606472,0.8737201365187713,0.8762541806020067
Agg_GB2_1,200,ColSampling_GB7_smf_col-0.2-fbs,3.0,33,0.010148531578164912,0.8310580204778157,0.82842287694974
Agg_GB2_1,200,ColSampling_GB7_smf_col-0.2-fls,2.0,33,0.010178627186059268,0.8344709897610921,0.8358714043993232
Agg_GB2_1,200,ColSampling_GB7_smf_col-0.4-fbs,4.0,62,0.0201970509926883,0.8378839590443686,0.8392554991539762
Agg_GB2_1,200,ColSampling_GB7_smf_col-0.4-fls,2.0,61,0.020215108357424915,0.8464163822525598,0.847972972972973
Agg_GB2_1,200,ColSampling_GB7_smf_col-0.6-fbs,5.0,105,0.030259615024229053,0.8481228668941979,0.8504201680672269
Agg_GB2_1,200,ColSampling_GB7_smf_col-0.6-fls,3.0,104,0.0302636277719483,0.8447098976109215,0.8465430016863407
Agg_GB2_1,200,ColSampling_GB7_smf_col-0.8-fbs,25.0,131,0.04022787948436749,0.8447098976109215,0.8465430016863407
Agg_GB2_1,200,ColSampling_GB7_smf_col-0.8-fls,4.0,134,0.04014738766640189,0.8395904436860068,0.8412162162162162
Agg_GB2_1,200,ColSampling_GB7_smf_row-0.2-fbs,10.0,40,0.01006567112439281,0.6843003412969283,0.7434119278779474
Agg_GB2_1,200,ColSampling_GB7_smf_row-0.4-fbs,22.0,81,0.020154554879689323,0.810580204778157,0.8206785137318257
Agg_GB2_1,200,ColSampling_GB7_smf_row-0.6-fbs,40.0,110,0.030260019085631338,0.825938566552901,0.8222996515679443
Agg_GB2_1,200,ColSampling_GB7_smf_row-0.8-fbs,54.0,146,0.04032237411989505,0.8276450511945392,0.8302521008403362
Agg_GB2_1,200,ColSampling_GB5_smf_col-0.2-fbs,11.0,39,0.01013909883439432,0.8310580204778157,0.8336134453781514
Agg_GB2_1,200,ColSampling_GB5_smf_col-0.2-fls,13.0,40,0.010141592868567046,0.825938566552901,0.8282828282828283
Agg_GB2_1,200,ColSampling_GB5_smf_col-0.4-fbs,14.0,71,0.020153091898750017,0.8430034129692833,0.845117845117845
Agg_GB2_1,200,ColSampling_GB5_smf_col-0.4-fls,9.0,65,0.020155544133467332,0.8378839590443686,0.8397976391231028
Agg_GB2_1,200,ColSampling_GB5_smf_col-0.6-fbs,14.0,109,0.0301514101673274,0.8447098976109215,0.8470588235294118
Agg_GB2_1,200,ColSampling_GB5_smf_col-0.6-fls,14.0,78,0.02667536745552921,0.8430034129692833,0.846153846153846
Agg_GB2_1,200,ColSampling_GB5_smf_col-0.8-fbs,19.0,120,0.04017579736292809,0.8447098976109215,0.8465430016863407
Agg_GB2_1,200,ColSampling_GB5_smf_col-0.8-fls,16.0,101,0.030221744717628656,0.8481228668941979,0.8499156829679595
Agg_GB2_1,200,ColSampling_GB5_smf_row-0.2-fbs,15.0,42,0.010044520599955944,0.7593856655290102,0.7779527559055117
Agg_GB2_1,200,ColSampling_GB5_smf_row-0.4-fbs,25.0,91,0.020157243977987294,0.8395904436860068,0.842809364548495
Agg_GB2_1,200,ColSampling_GB5_smf_row-0.6-fbs,25.0,119,0.030235552471065373,0.8327645051194539,0.8321917808219179
Agg_GB2_1,200,ColSampling_GB5_smf_row-0.8-fbs,32.0,142,0.04032174712806392,0.8276450511945392,0.821869488536155
Agg_GB2_1,200,RowSampling_GB7_smf_row-0.2-fbs,9.0,42,0.01006567112439281,0.6843003412969283,0.7434119278779474
Agg_GB2_1,200,RowSampling_GB7_smf_row-0.4-fbs,20.0,86,0.020154554879689323,0.810580204778157,0.8206785137318257
Agg_GB2_1,200,RowSampling_GB7_smf_row-0.6-fbs,23.0,128,0.030260019085631338,0.825938566552901,0.8222996515679443
Agg_GB2_1,200,RowSampling_GB7_smf_row-0.8-fbs,29.0,149,0.04032237411989505,0.810580204778157,0.8134453781512604
Agg_GB2_1,200,RowSampling_GB5_smf_row-0.2-fbs,18.0,44,0.010044520599955944,0.7593856655290102,0.7779527559055117
Agg_GB2_1,200,RowSampling_GB5_smf_row-0.4-fbs,20.0,86,0.020157243977987294,0.8174061433447098,0.8243021346469622
Agg_GB2_1,200,RowSampling_GB5_smf_row-0.6-fbs,24.0,127,0.030235552471065373,0.8327645051194539,0.8321917808219179
Agg_GB2_1,200,RowSampling_GB5_smf_row-0.8-fbs,28.0,146,0.04032174712806392,0.8242320819112628,0.818342151675485
Agg_GB2_2,205,ColSampling_GB7_smf_col-0.2-fbs,7.0,43,0.013660145626516015,0.8310580204778157,0.8313458262350937
Agg_GB2_2,205,ColSampling_GB7_smf_col-0.2-fls,3.0,44,0.01369024123441037,0.8293515358361775,0.8310810810810811
Agg_GB2_2,205,ColSampling_GB7_smf_col-0.4-fbs,5.0,89,0.027222285463250128,0.8361774744027304,0.836734693877551
Agg_GB2_2,205,ColSampling_GB7_smf_col-0.4-fls,3.0,90,0.027244355575705988,0.825938566552901,0.826530612244898
Agg_GB2_2,205,ColSampling_GB7_smf_col-0.6-fbs,8.0,140,0.040818533655597844,0.8395904436860068,0.8406779661016951
Agg_GB2_2,205,ColSampling_GB7_smf_col-0.6-fls,4.0,149,0.04079445716928236,0.8378839590443686,0.8397976391231028
Agg_GB2_2,205,ColSampling_GB7_smf_col-0.8-fbs,9.0,188,0.05430643765952588,0.8430034129692833,0.8440677966101695
Agg_GB2_2,205,ColSampling_GB7_smf_col-0.8-fls,6.0,189,0.05432248865040287,0.8344709897610921,0.8347529812606475
Agg_GB2_2,205,ColSampling_GB7_smf_row-0.2-fbs,13.0,63,0.013571335716924057,0.7098976109215017,0.7499999999999999
Agg_GB2_2,205,ColSampling_GB7_smf_row-0.4-fbs,29.0,133,0.02718909669565552,0.810580204778157,0.8235294117647058
Agg_GB2_2,205,ColSampling_GB7_smf_row-0.6-fbs,46.0,176,0.04080022549412878,0.8242320819112628,0.8233276157804459
Agg_GB2_2,205,ColSampling_GB7_smf_row-0.8-fbs,58.0,218,0.05443125083337664,0.8242320819112628,0.8245315161839862
Agg_GB2_2,205,ColSampling_GB5_smf_col-0.2-fbs,76.0,59,0.013650601417530998,0.8361774744027304,0.8389261744966443
Agg_GB2_2,205,ColSampling_GB5_smf_col-0.2-fls,13.0,63,0.01369241480609163,0.8293515358361775,0.8327759197324414
Agg_GB2_2,205,ColSampling_GB5_smf_col-0.4-fbs,169.0,117,0.02720008995242804,0.8430034129692833,0.8435374149659863
Agg_GB2_2,205,ColSampling_GB5_smf_col-0.4-fls,12.0,132,0.027329835462017043,0.8395904436860068,0.8417508417508417
Agg_GB2_2,205,ColSampling_GB5_smf_col-0.6-fbs,324.0,168,0.04067973159733693,0.8430034129692833,0.8440677966101695
Agg_GB2_2,205,ColSampling_GB5_smf_col-0.6-fls,21.0,171,0.04085691948881495,0.8464163822525598,0.847972972972973
Agg_GB2_2,205,ColSampling_GB5_smf_col-0.8-fbs,516.0,219,0.05430643765952588,0.8430034129692833,0.8440677966101695
Agg_GB2_2,205,ColSampling_GB5_smf_col-0.8-fls,23.0,222,0.05094290514853646,0.8464163822525598,0.8489932885906041
Agg_GB2_2,205,ColSampling_GB5_smf_row-0.2-fbs,15.0,89,0.013540543451439553,0.7491467576791809,0.7782805429864253
Agg_GB2_2,205,ColSampling_GB5_smf_row-0.4-fbs,19.0,128,0.027173700562913267,0.8208191126279863,0.8211243611584327
Agg_GB2_2,205,ColSampling_GB5_smf_row-0.6-fbs,37.0,200,0.04079927803980618,0.8276450511945392,0.8325041459369819
Agg_GB2_2,205,ColSampling_GB5_smf_row-0.8-fbs,44.0,225,0.05441917079076349,0.8293515358361775,0.8281786941580755
Agg_GB2_2,205,RowSampling_GB7_smf_row-0.2-fbs,10.0,103,0.013571335716924057,0.7098976109215017,0.7499999999999999
Agg_GB2_2,205,RowSampling_GB7_smf_row-0.4-fbs,20.0,133,0.02718909669565552,0.810580204778157,0.8235294117647058
Agg_GB2_2,205,RowSampling_GB7_smf_row-0.6-fbs,27.0,201,0.04080022549412878,0.8276450511945392,0.8261617900172118
Agg_GB2_2,205,RowSampling_GB7_smf_row-0.8-fbs,33.0,230,0.05443125083337664,0.8242320819112628,0.8245315161839862
Agg_GB2_2,205,RowSampling_GB5_smf_row-0.2-fbs,15.0,80,0.013540543451439553,0.7508532423208191,0.7652733118971061
Agg_GB2_2,205,RowSampling_GB5_smf_row-0.4-fbs,19.0,137,0.027173700562913267,0.8191126279863481,0.8245033112582781
Agg_GB2_2,205,RowSampling_GB5_smf_row-0.6-fbs,26.0,214,0.04079927803980618,0.8276450511945392,0.8325041459369819
Agg_GB2_2,205,RowSampling_GB5_smf_row-0.8-fbs,36.0,257,0.05441917079076349,0.825938566552901,0.8253424657534246
Agg_GB2_3,209,ColSampling_GB7_smf_col-0.2-fbs,3.0,91,0.02070544383567408,0.8310580204778157,0.8324873096446699
Agg_GB2_3,209,ColSampling_GB7_smf_col-0.2-fls,3.0,91,0.02071146295725295,0.8361774744027304,0.8378378378378378
Agg_GB2_3,209,ColSampling_GB7_smf_col-0.4-fbs,8.0,180,0.04135987840259758,0.8361774744027304,0.8356164383561643
Agg_GB2_3,209,ColSampling_GB7_smf_col-0.4-fls,5.0,136,0.04134583378558022,0.8447098976109215,0.8465430016863407
Agg_GB2_3,209,ColSampling_GB7_smf_col-0.6-fbs,15.0,194,0.061989386560945624,0.8464163822525598,0.8489932885906041
Agg_GB2_3,209,ColSampling_GB7_smf_col-0.6-fls,8.0,196,0.06194925908375315,0.8430034129692833,0.8440677966101695
Agg_GB2_3,209,ColSampling_GB7_smf_col-0.8-fbs,26.0,251,0.0825655725473438,0.8361774744027304,0.836734693877551
Agg_GB2_3,209,ColSampling_GB7_smf_col-0.8-fls,20.0,259,0.08257159166892268,0.841296928327645,0.8421052631578948
Agg_GB2_3,209,ColSampling_GB7_smf_row-0.2-fbs,16.0,88,0.02061914189340665,0.7303754266211604,0.7710144927536232
Agg_GB2_3,209,ColSampling_GB7_smf_row-0.4-fbs,30.0,158,0.04128802513874981,0.8208191126279863,0.8247078464106844
Agg_GB2_3,209,ColSampling_GB7_smf_row-0.6-fbs,43.0,220,0.06197017274460937,0.810580204778157,0.8240887480190174
Agg_GB2_3,209,ColSampling_GB7_smf_row-0.8-fbs,66.0,289,0.08264568817021073,0.8327645051194539,0.8361204013377926
Agg_GB2_3,209,ColSampling_GB5_smf_col-0.2-fbs,18.0,71,0.0206875397356073,0.8378839590443686,0.8414023372287144
Agg_GB2_3,209,ColSampling_GB5_smf_col-0.2-fls,11.0,74,0.020707603474203536,0.8481228668941979,0.8494077834179358
Agg_GB2_3,209,ColSampling_GB5_smf_col-0.4-fbs,96.0,150,0.04132432099919647,0.8310580204778157,0.8313458262350937
Agg_GB2_3,209,ColSampling_GB5_smf_col-0.4-fls,15.0,151,0.04139124192730601,0.8464163822525598,0.847972972972973
Agg_GB2_3,209,ColSampling_GB5_smf_col-0.6-fbs,319.0,202,0.06179235786130021,0.8447098976109215,0.8485856905158069
Agg_GB2_3,209,ColSampling_GB5_smf_col-0.6-fls,32.0,211,0.06201098294624019,0.8395904436860068,0.8412162162162162
Agg_GB2_3,209,ColSampling_GB5_smf_col-0.8-fbs,508.0,249,0.08245848234258639,0.8378839590443686,0.8403361344537815
Agg_GB2_3,209,ColSampling_GB5_smf_col-0.8-fls,44.0,245,0.07648037996262293,0.8395904436860068,0.8406779661016951
Agg_GB2_3,209,ColSampling_GB5_smf_row-0.2-fbs,17.0,89,0.020575698326085076,0.7081911262798635,0.7560627674750356
Agg_GB2_3,209,ColSampling_GB5_smf_row-0.4-fbs,29.0,174,0.04126630335508902,0.8174061433447098,0.827140549273021
Agg_GB2_3,209,ColSampling_GB5_smf_row-0.6-fbs,40.0,227,0.061923413087158694,0.825938566552901,0.8277027027027029
Agg_GB2_3,209,ColSampling_GB5_smf_row-0.8-fbs,52.0,284,0.08263391465693724,0.841296928327645,0.8415672913117548
Agg_GB2_3,209,RowSampling_GB7_smf_row-0.2-fbs,11.0,86,0.02061914189340665,0.7303754266211604,0.7710144927536232
Agg_GB2_3,209,RowSampling_GB7_smf_row-0.4-fbs,18.0,164,0.04128802513874981,0.8191126279863481,0.825657894736842
Agg_GB2_3,209,RowSampling_GB7_smf_row-0.6-fbs,30.0,235,0.06197017274460937,0.7952218430034129,0.8130841121495327
Agg_GB2_3,209,RowSampling_GB7_smf_row-0.8-fbs,47.0,292,0.08264568817021073,0.8378839590443686,0.8434925864909392
Agg_GB2_3,209,RowSampling_GB5_smf_row-0.2-fbs,17.0,90,0.020575698326085076,0.7081911262798635,0.7560627674750356
Agg_GB2_3,209,RowSampling_GB5_smf_row-0.4-fbs,24.0,167,0.04126630335508902,0.825938566552901,0.8333333333333333
Agg_GB2_3,209,RowSampling_GB5_smf_row-0.6-fbs,29.0,224,0.061923413087158694,0.8242320819112628,0.8239316239316239
Agg_GB2_3,209,RowSampling_GB5_smf_row-0.8-fbs,34.0,280,0.08263391465693724,0.8481228668941979,0.8488964346349747
ColSampling_GB3_smf_col-0.2-fbs,32,Agg_GB0_1,103.0,81,0.015232404275415497,0.8805460750853242,0.879725085910653
ColSampling_GB3_smf_col-0.2-fbs,32,Agg_GB0_2,106.0,100,0.02132888271309676,0.8822525597269625,0.8828522920203735
ColSampling_GB3_smf_col-0.2-fbs,32,Agg_GB0_3,109.0,174,0.03352183958845928,0.8890784982935154,0.8885077186963979
ColSampling_GB3_smf_col-0.2-fbs,32,Agg_GB1_1,81.0,50,0.01295093426659442,0.8686006825938567,0.8656195462478184
ColSampling_GB3_smf_col-0.2-fbs,32,Agg_GB1_2,82.0,66,0.018165388462542183,0.8668941979522184,0.8636363636363635
ColSampling_GB3_smf_col-0.2-fbs,32,Agg_GB1_3,87.0,106,0.028594296854437717,0.878839590443686,0.8769497400346621
ColSampling_GB3_smf_col-0.2-fbs,32,Agg_GB2_1,81.0,53,0.012500057474251187,0.5409556313993175,0.6555697823303458
ColSampling_GB3_smf_col-0.2-fbs,32,Agg_GB2_2,83.0,68,0.017503117891044702,0.5273037542662116,0.6609547123623011
ColSampling_GB3_smf_col-0.2-fbs,32,Agg_GB2_3,91.0,109,0.027509238724631735,0.5238907849829352,0.6568265682656826
ColSampling_GB3_smf_col-0.2-fls,37,Agg_GB0_1,107.0,82,0.015232404275415497,0.8839590443686007,0.8839590443686007
ColSampling_GB3_smf_col-0.2-fls,37,Agg_GB0_2,108.0,106,0.02132888271309676,0.8822525597269625,0.8828522920203735
ColSampling_GB3_smf_col-0.2-fls,37,Agg_GB0_3,117.0,178,0.03352183958845928,0.8856655290102389,0.8862478777589136
ColSampling_GB3_smf_col-0.2-fls,37,Agg_GB1_1,86.0,59,0.013165574470118754,0.8720136518771331,0.8695652173913042
ColSampling_GB3_smf_col-0.2-fls,37,Agg_GB1_2,89.0,73,0.01846719446374573,0.8771331058020477,0.875
ColSampling_GB3_smf_col-0.2-fls,37,Agg_GB1_3,93.0,114,0.02907043445099968,0.8737201365187713,0.8715277777777778
ColSampling_GB3_smf_col-0.2-fls,37,Agg_GB2_1,85.0,57,0.012737868509223815,0.5443686006825939,0.6763636363636364
ColSampling_GB3_smf_col-0.2-fls,37,Agg_GB2_2,93.0,76,0.017839575640782167,0.5136518771331058,0.6650998824911868
ColSampling_GB3_smf_col-0.2-fls,37,Agg_GB2_3,96.0,129,0.028042989903898873,0.5017064846416383,0.6507177033492824
ColSampling_GB3_smf_col-0.4-fbs,39,Agg_GB0_1,233.0,172,0.030523815448716456,0.8890784982935154,0.8896434634974533
ColSampling_GB3_smf_col-0.4-fbs,39,Agg_GB0_2,238.0,218,0.04280226614354184,0.8856655290102389,0.8854700854700854
ColSampling_GB3_smf_col-0.4-fbs,39,Agg_GB0_3,248.0,333,0.0673591675331926,0.8907849829351536,0.891156462585034
ColSampling_GB3_smf_col-0.4-fbs,39,Agg_GB1_1,173.0,90,0.02464217227868477,0.8839590443686007,0.8835616438356164
ColSampling_GB3_smf_col-0.4-fbs,39,Agg_GB1_2,184.0,136,0.03458835269321554,0.8890784982935154,0.8881239242685026
ColSampling_GB3_smf_col-0.4-fbs,39,Agg_GB1_3,189.0,223,0.05448071352227709,0.8873720136518771,0.8862068965517241
ColSampling_GB3_smf_col-0.4-fbs,39,Agg_GB2_1,184.0,97,0.025023466910924108,0.5238907849829352,0.6690391459074733
ColSampling_GB3_smf_col-0.4-fbs,39,Agg_GB2_2,191.0,139,0.03506327810557065,0.5051194539249146,0.6620046620046621
ColSampling_GB3_smf_col-0.4-fbs,39,Agg_GB2_3,199.0,227,0.055142900494863756,0.5017064846416383,0.6620370370370372
ColSampling_GB3_smf_col-0.4-fls,65,Agg_GB0_1,236.0,153,0.030324710709452404,0.8839590443686007,0.8843537414965986
ColSampling_GB3_smf_col-0.4-fls,65,Agg_GB0_2,243.0,232,0.04252485709114524,0.8839590443686007,0.8835616438356164
ColSampling_GB3_smf_col-0.4-fls,65,Agg_GB0_3,249.0,340,0.06692514985453094,0.8839590443686007,0.8843537414965986
ColSampling_GB3_smf_col-0.4-fls,65,Agg_GB1_1,182.0,109,0.02462482550469011,0.8822525597269625,0.8816466552315609
ColSampling_GB3_smf_col-0.4-fls,65,Agg_GB1_2,180.0,139,0.034565293326981675,0.8856655290102389,0.8846815834767642
ColSampling_GB3_smf_col-0.4-fls,65,Agg_GB1_3,190.0,220,0.05444622897156481,0.8856655290102389,0.8850771869639794
ColSampling_GB3_smf_col-0.4-fls,65,Agg_GB2_1,190.0,106,0.025057171205135426,0.5119453924914675,0.6651053864168619
ColSampling_GB3_smf_col-0.4-fls,65,Agg_GB2_2,191.0,148,0.035115262694947434,0.5102389078498294,0.6635404454865181
ColSampling_GB3_smf_col-0.4-fls,65,Agg_GB2_3,201.0,248,0.05523144567457145,0.5068259385665529,0.6619883040935672
ColSampling_GB3_smf_col-0.6-fbs,51,Agg_GB0_1,288.0,231,0.04301108228961254,0.8822525597269625,0.8832487309644671
ColSampling_GB3_smf_col-0.6-fbs,51,Agg_GB0_2,297.0,299,0.05968566530869525,0.8856655290102389,0.8854700854700854
ColSampling_GB3_smf_col-0.6-fbs,51,Agg_GB0_3,302.0,452,0.09303483134686066,0.8873720136518771,0.887372013651877
ColSampling_GB3_smf_col-0.6-fbs,51,Agg_GB1_1,230.0,138,0.03428391332632124,0.8839590443686007,0.8831615120274913
ColSampling_GB3_smf_col-0.6-fbs,51,Agg_GB1_2,230.0,198,0.047545877340612754,0.8856655290102389,0.8846815834767642
ColSampling_GB3_smf_col-0.6-fbs,51,Agg_GB1_3,234.0,293,0.07406980536919577,0.8856655290102389,0.8850771869639794
ColSampling_GB3_smf_col-0.6-fbs,51,Agg_GB2_1,231.0,141,0.034603623427591566,0.6143344709897611,0.6937669376693767
ColSampling_GB3_smf_col-0.6-fbs,51,Agg_GB2_2,235.0,223,0.04790276109089334,0.6075085324232082,0.6866485013623977
ColSampling_GB3_smf_col-0.6-fbs,51,Agg_GB2_3,246.0,313,0.07450103641749686,0.6126279863481229,0.692828146143437
ColSampling_GB3_smf_col-0.6-fls,103,Agg_GB0_1,295.0,233,0.0401559286884571,0.8805460750853242,0.8805460750853242
ColSampling_GB3_smf_col-0.6-fls,103,Agg_GB0_2,299.0,323,0.055825206938653865,0.8822525597269625,0.8832487309644671
ColSampling_GB3_smf_col-0.6-fls,103,Agg_GB0_3,307.0,480,0.0871637634390474,0.8839590443686007,0.8835616438356164
ColSampling_GB3_smf_col-0.6-fls,103,Agg_GB1_1,229.0,137,0.03262354142541995,0.8839590443686007,0.8835616438356164
ColSampling_GB3_smf_col-0.6-fls,103,Agg_GB1_2,234.0,185,0.045306582982299184,0.8839590443686007,0.8831615120274913
ColSampling_GB3_smf_col-0.6-fls,103,Agg_GB1_3,241.0,296,0.07067266609605766,0.8873720136518771,0.8862068965517241
ColSampling_GB3_smf_col-0.6-fls,103,Agg_GB2_1,233.0,168,0.032677518455504546,0.4982935153583617,0.6605080831408776
ColSampling_GB3_smf_col-0.6-fls,103,Agg_GB2_2,241.0,150,0.04532149145472834,0.4948805460750853,0.6581986143187067
ColSampling_GB3_smf_col-0.6-fls,103,Agg_GB2_3,246.0,227,0.0706094374531759,0.5,0.6620530565167243
ColSampling_GB3_smf_col-0.8-fbs,65,Agg_GB0_1,315.0,219,0.05203453972599342,0.878839590443686,0.8798646362098139
ColSampling_GB3_smf_col-0.8-fbs,65,Agg_GB0_2,318.0,298,0.07071245917760687,0.8805460750853242,0.8813559322033899
ColSampling_GB3_smf_col-0.8-fbs,65,Agg_GB0_3,325.0,447,0.10806829808083374,0.8856655290102389,0.8870151770657674
ColSampling_GB3_smf_col-0.8-fbs,65,Agg_GB1_1,240.0,110,0.0404688951442548,0.878839590443686,0.8773747841105354
ColSampling_GB3_smf_col-0.8-fbs,65,Agg_GB1_2,241.0,152,0.05505305953203838,0.8873720136518771,0.886986301369863
ColSampling_GB3_smf_col-0.8-fbs,65,Agg_GB1_3,248.0,240,0.08422138830760553,0.8890784982935154,0.8885077186963979
ColSampling_GB3_smf_col-0.8-fbs,65,Agg_GB2_1,245.0,142,0.04168648541401037,0.5989761092150171,0.6785225718194255
ColSampling_GB3_smf_col-0.8-fbs,65,Agg_GB2_2,256.0,195,0.05656079375493843,0.6160409556313993,0.6955345060893099
ColSampling_GB3_smf_col-0.8-fbs,65,Agg_GB2_3,260.0,279,0.08630941043679456,0.6262798634812287,0.6995884773662552
ColSampling_GB3_smf_col-0.8-fls,166,Agg_GB0_1,327.0,206,0.04536710859373117,0.8805460750853242,0.8813559322033899
ColSampling_GB3_smf_col-0.8-fls,166,Agg_GB0_2,331.0,288,0.06232712616064896,0.878839590443686,0.8794567062818337
ColSampling_GB3_smf_col-0.8-fls,166,Agg_GB0_3,337.0,427,0.09624716129448455,0.878839590443686,0.8798646362098139
ColSampling_GB3_smf_col-0.8-fls,166,Agg_GB1_1,254.0,114,0.036905045709794464,0.8873720136518771,0.8862068965517241
ColSampling_GB3_smf_col-0.8-fls,166,Agg_GB1_2,259.0,165,0.05056349149179052,0.8907849829351536,0.8904109589041096
ColSampling_GB3_smf_col-0.8-fls,166,Agg_GB1_3,261.0,235,0.07788038305578263,0.8890784982935154,0.888888888888889
ColSampling_GB3_smf_col-0.8-fls,166,Agg_GB2_1,263.0,128,0.037022864441440144,0.5273037542662116,0.675263774912075
ColSampling_GB3_smf_col-0.8-fls,166,Agg_GB2_2,265.0,169,0.050691119162305474,0.5255972696245734,0.6729411764705883
ColSampling_GB3_smf_col-0.8-fls,166,Agg_GB2_3,267.0,266,0.07802762860403613,0.5136518771331058,0.6697566628041716
ColSampling_GB4_smf_col-0.2-fbs,24,Agg_GB0_1,70.0,64,0.015234745044918391,0.8822525597269625,0.8832487309644671
ColSampling_GB4_smf_col-0.2-fbs,24,Agg_GB0_2,75.0,95,0.02133278399560158,0.8839590443686007,0.8843537414965986
ColSampling_GB4_smf_col-0.2-fbs,24,Agg_GB0_3,75.0,152,0.033528861896967965,0.8822525597269625,0.8824531516183987
ColSampling_GB4_smf_col-0.2-fbs,24,Agg_GB1_1,52.0,36,0.011323235606671025,0.8822525597269625,0.8836424957841483
ColSampling_GB4_smf_col-0.2-fbs,24,Agg_GB1_2,53.0,43,0.015882357940719176,0.8771331058020477,0.8787878787878788
ColSampling_GB4_smf_col-0.2-fbs,24,Agg_GB1_3,58.0,70,0.025000602608815477,0.8754266211604096,0.8764805414551607
ColSampling_GB4_smf_col-0.2-fbs,24,Agg_GB2_1,57.0,45,0.012597728868389817,0.5051194539249146,0.6480582524271845
ColSampling_GB4_smf_col-0.2-fbs,24,Agg_GB2_2,57.0,61,0.017641697018876773,0.4948805460750853,0.6492890995260663
ColSampling_GB4_smf_col-0.2-fbs,24,Agg_GB2_3,62.0,99,0.027729633319850688,0.5716723549488054,0.6718954248366014
ColSampling_GB4_smf_col-0.2-fls,27,Agg_GB0_1,186.0,50,0.009711657603383638,0.5546075085324232,0.6828675577156744
ColSampling_GB4_smf_col-0.2-fls,27,Agg_GB0_2,188.0,70,0.012127638259710328,0.5511945392491467,0.6812121212121213
ColSampling_GB4_smf_col-0.2-fls,27,Agg_GB0_3,187.0,122,0.016959599572363704,0.5511945392491467,0.679658952496955
ColSampling_GB4_smf_col-0.2-fls,27,Agg_GB1_1,138.0,42,0.007341837478980099,0.5511945392491467,0.6804374240583233
ColSampling_GB4_smf_col-0.2-fls,27,Agg_GB1_2,144.0,48,0.009246694394567632,0.552901023890785,0.6820388349514562
ColSampling_GB4_smf_col-0.2-fls,27,Agg_GB1_3,142.0,57,0.013056408225742696,0.5511945392491467,0.6804374240583233
ColSampling_GB4_smf_col-0.2-fls,27,Agg_GB2_1,151.0,50,0.00915483312473083,0.6843003412969283,0.6771378708551483
ColSampling_GB4_smf_col-0.2-fls,27,Agg_GB2_2,154.0,60,0.0114788828454617,0.7013651877133106,0.6880570409982174
ColSampling_GB4_smf_col-0.2-fls,27,Agg_GB2_3,151.0,114,0.016126982286923445,0.6911262798634812,0.6691042047531992
ColSampling_GB4_smf_col-0.4-fbs,28,Agg_GB0_1,126.0,157,0.030594874522911465,0.8873720136518771,0.88659793814433
ColSampling_GB4_smf_col-0.4-fbs,28,Agg_GB0_2,127.0,212,0.04292069793386685,0.8856655290102389,0.8854700854700854
ColSampling_GB4_smf_col-0.4-fbs,28,Agg_GB0_3,134.0,319,0.06757234475577763,0.8873720136518771,0.8885135135135136
ColSampling_GB4_smf_col-0.4-fbs,28,Agg_GB1_1,97.0,67,0.022788324631847812,0.878839590443686,0.879045996592845
ColSampling_GB4_smf_col-0.4-fbs,28,Agg_GB1_2,97.0,95,0.0320035719027962,0.8805460750853242,0.8809523809523809
ColSampling_GB4_smf_col-0.4-fbs,28,Agg_GB1_3,103.0,172,0.05043406644469298,0.8890784982935154,0.8900169204737733
ColSampling_GB4_smf_col-0.4-fbs,28,Agg_GB2_1,102.0,105,0.02536044018727828,0.5494880546075085,0.6756756756756757
ColSampling_GB4_smf_col-0.4-fbs,28,Agg_GB2_2,102.0,134,0.03555836478858462,0.5290102389078498,0.6682692307692307
ColSampling_GB4_smf_col-0.4-fbs,28,Agg_GB2_3,112.0,230,0.055954213991197314,0.5204778156996587,0.6650774731823599
ColSampling_GB4_smf_col-0.4-fls,60,Agg_GB0_1,240.0,148,0.02491729629418568,0.8805460750853242,0.8801369863013698
ColSampling_GB4_smf_col-0.4-fls,60,Agg_GB0_2,241.0,205,0.03345806755265721,0.8839590443686007,0.8847457627118643
ColSampling_GB4_smf_col-0.4-fls,60,Agg_GB0_3,247.0,275,0.050539610069600276,0.8839590443686007,0.8851351351351351
ColSampling_GB4_smf_col-0.4-fls,60,Agg_GB1_1,183.0,68,0.018691978001782607,0.878839590443686,0.8794567062818337
ColSampling_GB4_smf_col-0.4-fls,60,Agg_GB1_2,185.0,91,0.025176327519354193,0.878839590443686,0.8802698145025295
ColSampling_GB4_smf_col-0.4-fls,60,Agg_GB1_3,185.0,148,0.03814502655449736,0.8720136518771331,0.8735244519392918
ColSampling_GB4_smf_col-0.4-fls,60,Agg_GB2_1,193.0,101,0.02168265937052528,0.5017064846416383,0.663594470046083
ColSampling_GB4_smf_col-0.4-fls,60,Agg_GB2_2,195.0,162,0.029029331653181,0.515358361774744,0.6658823529411765
ColSampling_GB4_smf_col-0.4-fls,60,Agg_GB2_3,200.0,218,0.04372267621849244,0.4982935153583617,0.6589327146171694
ColSampling_GB4_smf_col-0.6-fbs,38,Agg_GB0_1,232.0,246,0.04518716193819616,0.8890784982935154,0.8896434634974533
ColSampling_GB4_smf_col-0.6-fbs,38,Agg_GB0_2,231.0,337,0.06331246472300128,0.8890784982935154,0.8896434634974533
ColSampling_GB4_smf_col-0.6-fbs,38,Agg_GB0_3,248.0,495,0.09956307029261151,0.8907849829351536,0.891156462585034
ColSampling_GB4_smf_col-0.6-fbs,38,Agg_GB1_1,172.0,116,0.03356671827041656,0.8771331058020477,0.8779661016949154
ColSampling_GB4_smf_col-0.6-fbs,38,Agg_GB1_2,177.0,149,0.04704252829857964,0.8839590443686007,0.8847457627118643
ColSampling_GB4_smf_col-0.6-fbs,38,Agg_GB1_3,184.0,244,0.0739941483549058,0.8959044368600683,0.8967851099830796
ColSampling_GB4_smf_col-0.6-fbs,38,Agg_GB2_1,182.0,180,0.037080046096439424,0.742320819112628,0.7606973058637083
ColSampling_GB4_smf_col-0.6-fbs,38,Agg_GB2_2,187.0,218,0.051889732479305437,0.6604095563139932,0.7161198288159771
ColSampling_GB4_smf_col-0.6-fbs,38,Agg_GB2_3,193.0,345,0.08150910524503746,0.7747440273037542,0.7821782178217821
ColSampling_GB4_smf_col-0.6-fls,98,Agg_GB0_1,283.0,224,0.03946887103990218,0.8805460750853242,0.8809523809523809
ColSampling_GB4_smf_col-0.6-fls,98,Agg_GB0_2,287.0,297,0.05378197989251131,0.8839590443686007,0.8843537414965986
ColSampling_GB4_smf_col-0.6-fls,98,Agg_GB0_3,294.0,459,0.08240819759772956,0.8907849829351536,0.891156462585034
ColSampling_GB4_smf_col-0.6-fls,98,Agg_GB1_1,215.0,115,0.029429658970783156,0.8805460750853242,0.8825503355704698
ColSampling_GB4_smf_col-0.6-fls,98,Agg_GB1_2,217.0,148,0.0401474294658573,0.8805460750853242,0.8813559322033899
ColSampling_GB4_smf_col-0.6-fls,98,Agg_GB1_3,226.0,252,0.06158297045600559,0.8856655290102389,0.8858603066439523
ColSampling_GB4_smf_col-0.6-fls,98,Agg_GB2_1,231.0,187,0.033286536520811184,0.5238907849829352,0.6713780918727915
ColSampling_GB4_smf_col-0.6-fls,98,Agg_GB2_2,233.0,237,0.04527665457222646,0.5051194539249146,0.6643518518518519
ColSampling_GB4_smf_col-0.6-fls,98,Agg_GB2_3,239.0,349,0.06925689067505703,0.5102389078498294,0.6651108518086348
ColSampling_GB4_smf_col-0.8-fbs,49,Agg_GB0_1,305.0,309,0.05407276477063872,0.878839590443686,0.8798646362098139
ColSampling_GB4_smf_col-0.8-fbs,49,Agg_GB0_2,308.0,408,0.07410950091868236,0.8873720136518771,0.886986301369863
ColSampling_GB4_smf_col-0.8-fbs,49,Agg_GB0_3,315.0,595,0.11418297321476964,0.8873720136518771,0.888135593220339
ColSampling_GB4_smf_col-0.8-fbs,49,Agg_GB1_1,229.0,149,0.04022716889362554,0.8822525597269625,0.8820512820512821
ColSampling_GB4_smf_col-0.8-fbs,49,Agg_GB1_2,235.0,202,0.05515601159071032,0.8805460750853242,0.8813559322033899
ColSampling_GB4_smf_col-0.8-fbs,49,Agg_GB1_3,240.0,345,0.08501369698487989,0.8890784982935154,0.8900169204737733
ColSampling_GB4_smf_col-0.8-fbs,49,Agg_GB2_1,239.0,191,0.04352160690482417,0.6160409556313993,0.6930422919508868
ColSampling_GB4_smf_col-0.8-fbs,49,Agg_GB2_2,247.0,286,0.059586976794475006,0.6279863481228669,0.7029972752043596
ColSampling_GB4_smf_col-0.8-fbs,49,Agg_GB2_3,257.0,284,0.09171771657377667,0.5938566552901023,0.673972602739726
ColSampling_GB4_smf_col-0.8-fls,162,Agg_GB0_1,335.0,240,0.053564650590689,0.8805460750853242,0.8809523809523809
ColSampling_GB4_smf_col-0.8-fls,162,Agg_GB0_2,342.0,307,0.07341334492200012,0.8805460750853242,0.8813559322033899
ColSampling_GB4_smf_col-0.8-fls,162,Agg_GB0_3,354.0,476,0.11311073358462237,0.8839590443686007,0.8847457627118643
ColSampling_GB4_smf_col-0.8-fls,162,Agg_GB1_1,252.0,104,0.03980093984682172,0.8822525597269625,0.8812392426850257
ColSampling_GB4_smf_col-0.8-fls,162,Agg_GB1_2,260.0,147,0.05457364764480272,0.8839590443686007,0.8843537414965986
ColSampling_GB4_smf_col-0.8-fls,162,Agg_GB1_3,266.0,232,0.08411906324076472,0.8890784982935154,0.8903878583473862
ColSampling_GB4_smf_col-0.8-fls,162,Agg_GB2_1,269.0,158,0.04363994116308657,0.6348122866894198,0.7060439560439561
ColSampling_GB4_smf_col-0.8-fls,162,Agg_GB2_2,276.0,194,0.05965933165178769,0.6262798634812287,0.7083888149134486
ColSampling_GB4_smf_col-0.8-fls,162,Agg_GB2_3,279.0,307,0.09169811262918992,0.6416382252559727,0.7169811320754718
ColSampling_GB7_smf_col-0.2-fbs,17,Agg_GB0_1,37.0,62,0.015234745044918391,0.8822525597269625,0.8820512820512821
ColSampling_GB7_smf_col-0.2-fbs,17,Agg_GB0_2,37.0,87,0.02133278399560158,0.8856655290102389,0.8858603066439523
ColSampling_GB7_smf_col-0.2-fbs,17,Agg_GB0_3,39.0,148,0.033528861896967965,0.8839590443686007,0.8843537414965986
ColSampling_GB7_smf_col-0.2-fbs,17,Agg_GB1_1,28.0,34,0.011323235606671025,0.8822525597269625,0.8836424957841483
ColSampling_GB7_smf_col-0.2-fbs,17,Agg_GB1_2,29.0,39,0.015882357940719176,0.878839590443686,0.8802698145025295
ColSampling_GB7_smf_col-0.2-fbs,17,Agg_GB1_3,30.0,63,0.025000602608815477,0.8720136518771331,0.8735244519392918
ColSampling_GB7_smf_col-0.2-fbs,17,Agg_GB2_1,29.0,42,0.01199489712248369,0.8293515358361775,0.8338870431893688
ColSampling_GB7_smf_col-0.2-fbs,17,Agg_GB2_2,30.0,51,0.016789768385037634,0.8344709897610921,0.8330464716006885
ColSampling_GB7_smf_col-0.2-fbs,17,Agg_GB2_3,31.0,82,0.026379510910145523,0.8344709897610921,0.8358714043993232
ColSampling_GB7_smf_col-0.2-fls,24,Agg_GB0_1,36.0,61,0.015234745044918391,0.8805460750853242,0.8805460750853242
ColSampling_GB7_smf_col-0.2-fls,24,Agg_GB0_2,37.0,92,0.02133278399560158,0.8839590443686007,0.8843537414965986
ColSampling_GB7_smf_col-0.2-fls,24,Agg_GB0_3,39.0,157,0.033528861896967965,0.8754266211604096,0.8760611205432937
ColSampling_GB7_smf_col-0.2-fls,24,Agg_GB1_1,28.0,35,0.011323235606671025,0.8822525597269625,0.8832487309644671
ColSampling_GB7_smf_col-0.2-fls,24,Agg_GB1_2,28.0,43,0.015882357940719176,0.8805460750853242,0.8817567567567568
ColSampling_GB7_smf_col-0.2-fls,24,Agg_GB1_3,30.0,64,0.025000602608815477,0.878839590443686,0.8802698145025295
ColSampling_GB7_smf_col-0.2-fls,24,Agg_GB2_1,29.0,36,0.01199489712248369,0.8242320819112628,0.8274706867671693
ColSampling_GB7_smf_col-0.2-fls,24,Agg_GB2_2,29.0,54,0.016789768385037634,0.8191126279863481,0.8184931506849313
ColSampling_GB7_smf_col-0.2-fls,24,Agg_GB2_3,30.0,87,0.026379510910145523,0.8361774744027304,0.8394648829431437
ColSampling_GB7_smf_col-0.4-fbs,24,Agg_GB0_1,56.0,145,0.030594874522911465,0.8822525597269625,0.8828522920203735
ColSampling_GB7_smf_col-0.4-fbs,24,Agg_GB0_2,55.0,184,0.04292069793386685,0.8822525597269625,0.8828522920203735
ColSampling_GB7_smf_col-0.4-fbs,24,Agg_GB0_3,62.0,306,0.06757234475577763,0.8907849829351536,0.891156462585034
ColSampling_GB7_smf_col-0.4-fbs,24,Agg_GB1_1,43.0,64,0.022788324631847812,0.8822525597269625,0.8832487309644671
ColSampling_GB7_smf_col-0.4-fbs,24,Agg_GB1_2,42.0,89,0.0320035719027962,0.8754266211604096,0.8768971332209107
ColSampling_GB7_smf_col-0.4-fbs,24,Agg_GB1_3,44.0,156,0.05043406644469298,0.8839590443686007,0.8851351351351351
ColSampling_GB7_smf_col-0.4-fbs,24,Agg_GB2_1,46.0,81,0.024140815677359477,0.841296928327645,0.8426395939086294
ColSampling_GB7_smf_col-0.4-fbs,24,Agg_GB2_2,44.0,113,0.03383257673996851,0.8378839590443686,0.8408710217755444
ColSampling_GB7_smf_col-0.4-fbs,24,Agg_GB2_3,47.0,197,0.053216098865186585,0.841296928327645,0.8415672913117548
ColSampling_GB7_smf_col-0.4-fls,56,Agg_GB0_1,54.0,153,0.030594874522911465,0.8822525597269625,0.8828522920203735
ColSampling_GB7_smf_col-0.4-fls,56,Agg_GB0_2,55.0,201,0.04292069793386685,0.878839590443686,0.8802698145025295
ColSampling_GB7_smf_col-0.4-fls,56,Agg_GB0_3,63.0,319,0.06757234475577763,0.8856655290102389,0.88663282571912
ColSampling_GB7_smf_col-0.4-fls,56,Agg_GB1_1,42.0,65,0.022788324631847812,0.8805460750853242,0.8805460750853242
ColSampling_GB7_smf_col-0.4-fls,56,Agg_GB1_2,41.0,93,0.0320035719027962,0.878839590443686,0.8786324786324786
ColSampling_GB7_smf_col-0.4-fls,56,Agg_GB1_3,47.0,166,0.05043406644469298,0.8890784982935154,0.8900169204737733
ColSampling_GB7_smf_col-0.4-fls,56,Agg_GB2_1,43.0,84,0.024140815677359477,0.8293515358361775,0.8327759197324414
ColSampling_GB7_smf_col-0.4-fls,56,Agg_GB2_2,45.0,119,0.03383257673996851,0.8276450511945392,0.8249566724436741
ColSampling_GB7_smf_col-0.4-fls,56,Agg_GB2_3,50.0,193,0.053216098865186585,0.8361774744027304,0.8378378378378378
ColSampling_GB7_smf_col-0.6-fbs,32,Agg_GB0_1,75.0,219,0.04563500130344635,0.8890784982935154,0.8896434634974533
ColSampling_GB7_smf_col-0.6-fbs,32,Agg_GB0_2,77.0,313,0.06405886366508493,0.8805460750853242,0.882943143812709
ColSampling_GB7_smf_col-0.6-fbs,32,Agg_GB0_3,84.0,467,0.10090658838836208,0.8839590443686007,0.8839590443686007
ColSampling_GB7_smf_col-0.6-fbs,32,Agg_GB1_1,59.0,105,0.03401455763566675,0.878839590443686,0.879045996592845
ColSampling_GB7_smf_col-0.6-fbs,32,Agg_GB1_2,61.0,147,0.04778892724066329,0.8839590443686007,0.8843537414965986
ColSampling_GB7_smf_col-0.6-fbs,32,Agg_GB1_3,62.0,253,0.07533766645065637,0.8805460750853242,0.8813559322033899
ColSampling_GB7_smf_col-0.6-fbs,32,Agg_GB2_1,60.0,134,0.03603369426234202,0.8464163822525598,0.8489932885906041
ColSampling_GB7_smf_col-0.6-fbs,32,Agg_GB2_2,62.0,207,0.050520326587505,0.841296928327645,0.8415672913117548
ColSampling_GB7_smf_col-0.6-fbs,32,Agg_GB2_3,67.0,326,0.07949359123783097,0.8344709897610921,0.8353140916808148
ColSampling_GB7_smf_col-0.6-fls,114,Agg_GB0_1,76.0,241,0.04563500130344635,0.8856655290102389,0.8862478777589136
ColSampling_GB7_smf_col-0.6-fls,114,Agg_GB0_2,76.0,313,0.06405886366508493,0.8839590443686007,0.8843537414965986
ColSampling_GB7_smf_col-0.6-fls,114,Agg_GB0_3,84.0,492,0.10090658838836208,0.8839590443686007,0.8839590443686007
ColSampling_GB7_smf_col-0.6-fls,114,Agg_GB1_1,58.0,115,0.03401455763566675,0.8720136518771331,0.8717948717948719
ColSampling_GB7_smf_col-0.6-fls,114,Agg_GB1_2,59.0,154,0.04778892724066329,0.8873720136518771,0.8888888888888888
ColSampling_GB7_smf_col-0.6-fls,114,Agg_GB1_3,63.0,243,0.07533766645065637,0.8924914675767918,0.8930390492359933
ColSampling_GB7_smf_col-0.6-fls,114,Agg_GB2_1,60.0,132,0.03603369426234202,0.8481228668941979,0.8509212730318257
ColSampling_GB7_smf_col-0.6-fls,114,Agg_GB2_2,59.0,220,0.050520326587505,0.8430034129692833,0.8435374149659863
ColSampling_GB7_smf_col-0.6-fls,114,Agg_GB2_3,66.0,326,0.07949359123783097,0.8549488054607508,0.8566610455311974
ColSampling_GB7_smf_col-0.8-fbs,45,Agg_GB0_1,158.0,300,0.05574043764308476,0.8771331058020477,0.8783783783783784
ColSampling_GB7_smf_col-0.8-fbs,45,Agg_GB0_2,162.0,410,0.07688895570609243,0.8822525597269625,0.8828522920203735
ColSampling_GB7_smf_col-0.8-fbs,45,Agg_GB0_3,168.0,600,0.11918599183210775,0.8907849829351536,0.8904109589041096
ColSampling_GB7_smf_col-0.8-fbs,45,Agg_GB1_1,118.0,149,0.04155104124533396,0.8822525597269625,0.8820512820512821
ColSampling_GB7_smf_col-0.8-fbs,45,Agg_GB1_2,122.0,238,0.05736246551022436,0.8754266211604096,0.8764805414551607
ColSampling_GB7_smf_col-0.8-fbs,45,Agg_GB1_3,124.0,303,0.08898531404000515,0.8924914675767918,0.8930390492359933
ColSampling_GB7_smf_col-0.8-fbs,45,Agg_GB2_1,121.0,233,0.04404786204842132,0.8447098976109215,0.8470588235294118
ColSampling_GB7_smf_col-0.8-fbs,45,Agg_GB2_2,128.0,260,0.060676883661108405,0.8447098976109215,0.8465430016863407
ColSampling_GB7_smf_col-0.8-fbs,45,Agg_GB2_3,134.0,446,0.09393492688648257,0.8498293515358362,0.8528428093645484
ColSampling_GB7_smf_col-0.8-fls,192,Agg_GB0_1,168.0,327,0.054572728056783724,0.8873720136518771,0.887372013651877
ColSampling_GB7_smf_col-0.8-fls,192,Agg_GB0_2,172.0,455,0.07494277306225736,0.8805460750853242,0.8813559322033899
ColSampling_GB7_smf_col-0.8-fls,192,Agg_GB0_3,179.0,612,0.11568286307320463,0.8856655290102389,0.8858603066439523
ColSampling_GB7_smf_col-0.8-fls,192,Agg_GB1_1,128.0,154,0.040678017819665166,0.878839590443686,0.8782161234991422
ColSampling_GB7_smf_col-0.8-fls,192,Agg_GB1_2,131.0,270,0.05590742646744303,0.8822525597269625,0.8851913477537439
ColSampling_GB7_smf_col-0.8-fls,192,Agg_GB1_3,134.0,335,0.08636624376299876,0.8890784982935154,0.8900169204737733
ColSampling_GB7_smf_col-0.8-fls,192,Agg_GB2_1,136.0,198,0.04312969521091099,0.841296928327645,0.8436974789915966
ColSampling_GB7_smf_col-0.8-fls,192,Agg_GB2_2,135.0,180,0.05914660559859119,0.8395904436860068,0.8438538205980066
ColSampling_GB7_smf_col-0.8-fls,192,Agg_GB2_3,143.0,295,0.09118042637395159,0.8447098976109215,0.8465430016863407
ColSampling_GB5_smf_col-0.2-fbs,25,Agg_GB0_1,97.0,69,0.015232404275415497,0.8822525597269625,0.8820512820512821
ColSampling_GB5_smf_col-0.2-fbs,25,Agg_GB0_2,97.0,98,0.02132888271309676,0.8822525597269625,0.8832487309644671
ColSampling_GB5_smf_col-0.2-fbs,25,Agg_GB0_3,101.0,167,0.03352183958845928,0.8822525597269625,0.8816466552315609
ColSampling_GB5_smf_col-0.2-fbs,25,Agg_GB1_1,75.0,48,0.013081362500621767,0.8703071672354948,0.8675958188153311
ColSampling_GB5_smf_col-0.2-fbs,25,Agg_GB1_2,78.0,65,0.018349013470153167,0.8703071672354948,0.8671328671328671
ColSampling_GB5_smf_col-0.2-fbs,25,Agg_GB1_3,79.0,103,0.02888431540921597,0.8737201365187713,0.8715277777777778
ColSampling_GB5_smf_col-0.2-fbs,25,Agg_GB2_1,75.0,40,0.011992556352980795,0.8276450511945392,0.831946755407654
ColSampling_GB5_smf_col-0.2-fbs,25,Agg_GB2_2,80.0,59,0.01678586710253281,0.8242320819112628,0.8263069139966274
ColSampling_GB5_smf_col-0.2-fbs,25,Agg_GB2_3,80.0,95,0.02637248860163684,0.8464163822525598,0.8494983277591974
ColSampling_GB5_smf_col-0.2-fls,30,Agg_GB0_1,159.0,67,0.011614034417950246,0.7320819112627986,0.6802443991853361
ColSampling_GB5_smf_col-0.2-fls,30,Agg_GB0_2,160.0,91,0.015298266283988008,0.7389078498293515,0.6871165644171779
ColSampling_GB5_smf_col-0.2-fls,30,Agg_GB0_3,164.0,155,0.022666730016063532,0.742320819112628,0.6899383983572894
ColSampling_GB5_smf_col-0.2-fls,30,Agg_GB1_1,124.0,49,0.011255200026417255,0.8668941979522184,0.8641114982578398
ColSampling_GB5_smf_col-0.2-fls,30,Agg_GB1_2,130.0,67,0.01483206302466154,0.8686006825938567,0.8656195462478184
ColSampling_GB5_smf_col-0.2-fls,30,Agg_GB1_3,130.0,113,0.021985789021150108,0.8686006825938567,0.8651488616462346
ColSampling_GB5_smf_col-0.2-fls,30,Agg_GB2_1,125.0,46,0.009461515729065404,0.7235494880546075,0.665289256198347
ColSampling_GB5_smf_col-0.2-fls,30,Agg_GB2_2,130.0,64,0.012567466062673826,0.7218430034129693,0.6611226611226612
ColSampling_GB5_smf_col-0.2-fls,30,Agg_GB2_3,134.0,103,0.018779366729890664,0.7218430034129693,0.6625258799171843
ColSampling_GB5_smf_col-0.4-fbs,31,Agg_GB0_1,221.0,144,0.030523815448716456,0.8856655290102389,0.8862478777589136
ColSampling_GB5_smf_col-0.4-fbs,31,Agg_GB0_2,227.0,213,0.04280226614354184,0.8856655290102389,0.8858603066439523
ColSampling_GB5_smf_col-0.4-fbs,31,Agg_GB0_3,238.0,318,0.0673591675331926,0.8890784982935154,0.889267461669506
ColSampling_GB5_smf_col-0.4-fbs,31,Agg_GB1_1,173.0,86,0.024611463612111084,0.878839590443686,0.8777969018932874
ColSampling_GB5_smf_col-0.4-fbs,31,Agg_GB1_2,176.0,124,0.03454490912589397,0.8873720136518771,0.8862068965517241
ColSampling_GB5_smf_col-0.4-fbs,31,Agg_GB1_3,181.0,194,0.054411800153459734,0.8856655290102389,0.8846815834767642
ColSampling_GB5_smf_col-0.4-fbs,31,Agg_GB2_1,177.0,90,0.02406975660316447,0.8395904436860068,0.842809364548495
ColSampling_GB5_smf_col-0.4-fbs,31,Agg_GB2_2,179.0,120,0.0337141449496435,0.8310580204778157,0.833052276559865
ColSampling_GB5_smf_col-0.4-fbs,31,Agg_GB2_3,186.0,201,0.05300292164260156,0.8464163822525598,0.847972972972973
ColSampling_GB5_smf_col-0.4-fls,54,Agg_GB0_1,258.0,139,0.026247968023973937,0.8856655290102389,0.88663282571912
ColSampling_GB5_smf_col-0.4-fls,54,Agg_GB0_2,259.0,193,0.035730285948681134,0.8890784982935154,0.8896434634974533
ColSampling_GB5_smf_col-0.4-fls,54,Agg_GB0_3,263.0,285,0.054694921798095535,0.8873720136518771,0.887372013651877
ColSampling_GB5_smf_col-0.4-fls,54,Agg_GB1_1,201.0,89,0.02333921358783257,0.8771331058020477,0.8758620689655172
ColSampling_GB5_smf_col-0.4-fls,54,Agg_GB1_2,199.0,129,0.03168508791888453,0.878839590443686,0.8769497400346621
ColSampling_GB5_smf_col-0.4-fls,54,Agg_GB1_3,207.0,195,0.048376836580988465,0.8873720136518771,0.886986301369863
ColSampling_GB5_smf_col-0.4-fls,54,Agg_GB2_1,207.0,83,0.021031214857978688,0.825938566552901,0.8277027027027029
ColSampling_GB5_smf_col-0.4-fls,54,Agg_GB2_2,203.0,122,0.028704340887377357,0.8310580204778157,0.8324873096446699
ColSampling_GB5_smf_col-0.4-fls,54,Agg_GB2_3,210.0,206,0.0440505929461747,0.8327645051194539,0.835016835016835
ColSampling_GB5_smf_col-0.6-fbs,39,Agg_GB0_1,296.0,225,0.04393823601003577,0.8822525597269625,0.8832487309644671
ColSampling_GB5_smf_col-0.6-fbs,39,Agg_GB0_2,298.0,296,0.061230921509400627,0.8873720136518771,0.8877551020408163
ColSampling_GB5_smf_col-0.6-fbs,39,Agg_GB0_3,308.0,444,0.09581629250813034,0.8856655290102389,0.8862478777589136
ColSampling_GB5_smf_col-0.6-fbs,39,Agg_GB1_1,225.0,128,0.034907937396119644,0.878839590443686,0.8782161234991422
ColSampling_GB5_smf_col-0.6-fbs,39,Agg_GB1_2,230.0,195,0.048655471750743716,0.8839590443686007,0.8827586206896552
ColSampling_GB5_smf_col-0.6-fbs,39,Agg_GB1_3,235.0,262,0.07615054045999187,0.8890784982935154,0.888888888888889
ColSampling_GB5_smf_col-0.6-fbs,39,Agg_GB2_1,232.0,135,0.03454015792112917,0.8395904436860068,0.8417508417508417
ColSampling_GB5_smf_col-0.6-fbs,39,Agg_GB2_2,240.0,208,0.04803109935215024,0.8447098976109215,0.8465430016863407
ColSampling_GB5_smf_col-0.6-fbs,39,Agg_GB2_3,242.0,298,0.07501298221419239,0.8498293515358362,0.8528428093645484
ColSampling_GB5_smf_col-0.6-fls,98,Agg_GB0_1,298.0,212,0.03927793112759465,0.8822525597269625,0.8828522920203735
ColSampling_GB5_smf_col-0.6-fls,98,Agg_GB0_2,301.0,300,0.05377401012968002,0.8822525597269625,0.8824531516183987
ColSampling_GB5_smf_col-0.6-fls,98,Agg_GB0_3,311.0,445,0.08276616813385078,0.8822525597269625,0.8828522920203735
ColSampling_GB5_smf_col-0.6-fls,98,Agg_GB1_1,233.0,126,0.03236466346492127,0.8822525597269625,0.8816466552315609
ColSampling_GB5_smf_col-0.6-fls,98,Agg_GB1_2,232.0,172,0.044221942847047294,0.8805460750853242,0.8793103448275863
ColSampling_GB5_smf_col-0.6-fls,98,Agg_GB1_3,245.0,299,0.06793650161129934,0.8856655290102389,0.8846815834767642
ColSampling_GB5_smf_col-0.6-fls,98,Agg_GB2_1,241.0,129,0.03098766400538823,0.841296928327645,0.8436974789915966
ColSampling_GB5_smf_col-0.6-fls,98,Agg_GB2_2,241.0,175,0.04242053958359661,0.8344709897610921,0.8353140916808148
ColSampling_GB5_smf_col-0.6-fls,98,Agg_GB2_3,245.0,280,0.06528629074001338,0.841296928327645,0.8431703204047218
ColSampling_GB5_smf_col-0.8-fbs,51,Agg_GB0_1,316.0,279,0.052501523241820856,0.8873720136518771,0.888135593220339
ColSampling_GB5_smf_col-0.8-fbs,51,Agg_GB0_2,317.0,383,0.07149076503731926,0.8890784982935154,0.888888888888889
ColSampling_GB5_smf_col-0.8-fbs,51,Agg_GB0_3,322.0,577,0.10946924862831604,0.8873720136518771,0.886986301369863
ColSampling_GB5_smf_col-0.8-fbs,51,Agg_GB1_1,236.0,153,0.04089052625096365,0.8771331058020477,0.8762886597938145
ColSampling_GB5_smf_col-0.8-fbs,51,Agg_GB1_2,241.0,216,0.0557566976312388,0.8839590443686007,0.8831615120274913
ColSampling_GB5_smf_col-0.8-fbs,51,Agg_GB1_3,251.0,372,0.08548904039178908,0.8839590443686007,0.8831615120274913
ColSampling_GB5_smf_col-0.8-fbs,51,Agg_GB2_1,246.0,214,0.041386490722541205,0.841296928327645,0.8447412353923205
ColSampling_GB5_smf_col-0.8-fbs,51,Agg_GB2_2,247.0,266,0.056241264784641545,0.8447098976109215,0.8485856905158069
ColSampling_GB5_smf_col-0.8-fbs,51,Agg_GB2_3,257.0,445,0.08595081290884221,0.841296928327645,0.8452579034941763
ColSampling_GB5_smf_col-0.8-fls,159,Agg_GB0_1,325.0,346,0.049513377706706316,0.8839590443686007,0.8839590443686007
ColSampling_GB5_smf_col-0.8-fls,159,Agg_GB0_2,331.0,468,0.06766824663963728,0.8873720136518771,0.887372013651877
ColSampling_GB5_smf_col-0.8-fls,159,Agg_GB0_3,337.0,615,0.10397798450549921,0.8873720136518771,0.887372013651877
ColSampling_GB5_smf_col-0.8-fls,159,Agg_GB1_1,251.0,136,0.039226531730593595,0.8805460750853242,0.879725085910653
ColSampling_GB5_smf_col-0.8-fls,159,Agg_GB1_2,257.0,156,0.053592112832892606,0.8839590443686007,0.8823529411764706
ColSampling_GB5_smf_col-0.8-fls,159,Agg_GB1_3,261.0,239,0.08232327503749062,0.8822525597269625,0.8816466552315609
ColSampling_GB5_smf_col-0.8-fls,159,Agg_GB2_1,260.0,118,0.03880694879719977,0.8378839590443686,0.8403361344537815
ColSampling_GB5_smf_col-0.8-fls,159,Agg_GB2_2,262.0,167,0.05293279608957735,0.8464163822525598,0.8489932885906041
ColSampling_GB5_smf_col-0.8-fls,159,Agg_GB2_3,262.0,251,0.0811844906743325,0.8344709897610921,0.8353140916808148
